"club_id","season","Y_margin_sum","n_sales_Y","spend_sum","n_buys","n_sales_tot","n_costzero","costzero_share","betweenness","out_degree","in_degree"
2,2010,0,0,4100000,7,1,1,1,28.7440476190476,0,2
2,2011,0,0,6200000,6,3,1,0.333333333333333,15.8690299466615,1,1
3,2009,0,0,1.1e+07,2,1,1,1,22.747619047619,1,1
3,2010,0,0,4350000,7,0,0,0,0,0,2
3,2011,0,0,5280000,4,1,1,1,116.245634920635,0,2
3,2014,-2900000,1,8e+06,5,1,1,1,26.4730086580087,0,2
3,2015,8750000,5,14780000,6,7,6,0.857142857142857,110.036381732751,2,4
3,2016,5200000,4,7850000,3,4,1,0.25,103.182274928822,3,3
3,2017,-4e+05,2,4e+07,6,2,0,0,34.879080175154,0,4
3,2019,-6950000,3,20250000,4,3,1,0.333333333333333,31.7204734878648,1,2
3,2020,-2e+06,1,16800000,3,1,0,0,112,1,2
3,2021,-1500000,3,0,0,3,0,0,14.9615800865801,2,0
4,2009,0,0,0,0,2,2,1,0,1,0
4,2010,2050000,2,650000,2,3,3,1,26.8044733044733,1,1
4,2011,-34500000,1,3850000,6,1,1,1,0,1,1
4,2012,0,0,2500000,3,1,0,0,6.25,1,1
4,2013,5450000,2,7320000,5,3,0,0,225.47619047619,2,2
4,2018,0,0,3500000,2,0,0,0,0,0,0
5,2009,-190000,1,22100000,5,3,2,0.666666666666667,101.145222711012,2,2
5,2010,-3819000,6,42300000,8,9,5,0.555555555555556,368.46997658774,4,6
5,2011,-17900000,3,63650000,9,4,2,0.5,194.942444212994,3,4
5,2012,63500000,5,58970000,9,6,2,0.333333333333333,95.7057817182817,3,5
5,2013,14050000,3,41730000,8,4,1,0.25,317.828865195057,4,5
5,2014,3200000,2,14900000,6,3,0,0,199.178345741806,2,6
5,2015,-9750000,4,102270000,8,4,1,0.25,82.7678605381547,3,4
5,2016,8400000,4,26560000,3,5,1,0.2,48.8198628985394,4,1
5,2017,-8270000,8,180980000,8,8,2,0.25,363.890045085086,4,7
5,2018,58675000,7,178570000,7,7,0,0,96.4338338948633,5,4
5,2019,-1300000,4,111400000,6,4,0,0,126.529730335584,3,3
5,2020,-53050000,5,22620000,6,5,0,0,305.420607769423,4,3
5,2021,0,1,6.4e+07,6,1,0,0,271.655094905095,0,4
10,2020,-4e+05,1,0,0,1,1,1,0,0,0
10,2021,-1450000,1,8e+06,8,1,0,0,0,0,0
11,2009,0,0,1.2e+07,1,2,2,1,228.382323232323,1,1
11,2010,0,1,2.3e+07,3,2,2,1,91.8388888888889,0,2
11,2011,37300000,3,65480000,9,6,5,0.833333333333333,267.230179959359,3,3
11,2012,27850000,3,5.6e+07,4,4,4,1,189.528872477338,3,2
11,2013,7600000,3,47500000,2,5,1,0.2,46.3707643663526,3,1
11,2014,17600000,4,118980000,7,5,1,0.2,225.103533439958,2,6
11,2015,2100000,1,26500000,2,1,0,0,0,0,1
11,2016,-62850000,2,113040000,6,2,0,0,130.597638793955,1,3
11,2017,91500000,8,152850000,4,8,3,0.375,187.719996820075,7,3
11,2018,4e+05,3,77650000,4,3,0,0,139.113601104778,2,3
11,2019,9950000,7,152400000,5,7,0,0,173.999712447555,4,3
11,2020,-17600000,1,8.4e+07,4,1,0,0,104.3875,1,3
11,2021,7400000,1,165600000,6,1,0,0,298.415909090909,1,4
12,2009,9e+05,1,3500000,1,3,3,1,27.2474486040276,3,1
12,2010,6051000,4,10700000,3,6,4,0.666666666666667,203.148124098124,5,1
12,2011,7650000,1,86250000,10,3,3,1,709.802462402578,3,7
12,2012,52535000,10,30020000,13,11,4,0.363636363636364,37.8814976689977,4,3
12,2013,-45685000,14,70790000,14,15,2,0.133333333333333,542.342361287701,7,6
12,2014,28200000,4,87250000,10,4,1,0.25,188.765155533035,4,5
12,2015,75275000,11,34249000,9,12,1,0.0833333333333333,217.229729360132,9,1
12,2016,-6468000,10,94900000,12,10,3,0.3,209.97409268578,5,5
12,2017,-47500000,12,85650000,10,12,2,0.166666666666667,679.208145907761,6,8
12,2018,64146000,12,159100000,11,12,4,0.333333333333333,548.740731082642,6,7
12,2019,19455000,11,105300000,6,11,2,0.181818181818182,80.8177386258276,3,4
12,2020,5e+06,4,6.6e+07,4,4,0,0,272.94822063901,4,4
12,2021,5700000,1,124250000,7,2,1,0.5,142.225072150072,1,5
13,2009,2075000,2,16250000,4,6,6,1,308.782017002605,5,1
13,2010,7800000,1,34050000,6,4,3,0.75,383.725124875125,3,4
13,2011,16125000,3,82500000,6,7,4,0.571428571428571,556.433217002296,6,3
13,2012,6200000,1,4500000,2,3,1,0.333333333333333,165.14961197475,2,2
13,2013,44800000,3,34595000,7,5,0,0,596.429839432266,5,6
13,2014,62100000,5,143350000,11,5,0,0,459.80974759159,3,7
13,2015,45800000,5,1.19e+08,9,7,1,0.142857142857143,518.542887579845,6,7
13,2016,2.9e+07,4,78800000,5,4,0,0,295.700974020819,4,4
13,2017,-27800000,8,95600000,2,9,0,0,114.533078235834,4,2
13,2018,-1.2e+07,3,149500000,8,3,0,0,527.01053651371,2,7
13,2019,1.14e+08,6,245300000,7,6,0,0,379.282397085179,5,5
13,2020,2300000,3,87500000,5,3,0,0,405.347025240841,3,3
13,2021,-4750000,2,6.1e+07,2,2,0,0,36.5214285714286,0,2
15,2009,0,0,6550000,3,1,1,1,106,1,1
15,2010,0,0,5700000,4,3,3,1,122.864980341296,3,1
15,2011,6880000,4,19260000,4,6,4,0.666666666666667,269.60535950118,3,3
15,2012,6680000,6,20800000,5,7,2,0.285714285714286,231.576388622557,5,1
15,2013,-14430000,4,22900000,6,5,1,0.2,355.987403711064,3,4
15,2014,-12600000,2,35805000,5,4,1,0.25,94.899635120355,3,2
15,2015,-56700000,7,5.8e+07,6,8,1,0.125,235.216330589302,7,4
15,2016,12350000,4,63300000,7,4,0,0,46.3856532356533,3,3
15,2017,37400000,7,5.6e+07,4,7,0,0,275.219652948531,7,2
15,2018,1.8e+07,2,30500000,2,2,0,0,82.1523660979543,2,1
15,2019,7500000,2,9.6e+07,6,2,0,0,180.807836766776,2,4
15,2020,-9e+06,2,43200000,5,2,0,0,91.0248097224413,2,3
15,2021,-17500000,4,52850000,6,4,0,0,358.568192918193,3,2
16,2009,1400000,1,10900000,4,3,3,1,0,0,1
16,2010,-2e+05,1,5250000,2,3,3,1,91.0948773448773,2,0
16,2011,0,0,9725000,3,4,3,0.75,182.70104427736,4,1
16,2012,20450000,5,25650000,4,6,0,0,142.780178577461,2,2
16,2013,21275000,7,52600000,4,8,1,0.125,400.999108111531,7,2
16,2014,1200000,1,65200000,6,2,0,0,233.146939118386,2,5
16,2015,-31600000,7,2e+07,4,8,0,0,54.2992835595777,5,2
16,2016,42550000,5,141100000,9,5,1,0.2,302.188350142738,5,6
16,2017,144025000,7,108340000,8,8,0,0,295.348067962309,7,4
16,2018,14100000,5,88500000,5,6,0,0,334.447651033177,6,3
16,2019,7300000,8,147500000,6,8,0,0,299.687366066615,6,5
16,2020,1900000,2,4.8e+07,2,2,0,0,20.3528083028083,1,1
16,2021,-9250000,5,4.5e+07,2,5,0,0,338.7,4,2
18,2009,5500000,2,10500000,4,3,3,1,228.640512265512,1,2
18,2010,0,0,6300000,3,2,2,1,0,0,0
18,2011,1800000,2,2e+06,3,3,2,0.666666666666667,0,1,0
18,2012,7900000,3,33400000,5,5,2,0.4,534.917861017178,5,3
18,2013,550000,2,7700000,3,2,0,0,6.44939309056956,1,1
18,2014,-45500000,3,11250000,2,3,0,0,104.254996392496,3,1
18,2015,6500000,2,3.7e+07,6,2,0,0,132.70089902918,2,5
18,2016,22800000,2,41250000,5,2,0,0,53.0475337527969,1,3
18,2017,-1.5e+07,6,37250000,5,6,0,0,159.248130524446,4,3
18,2018,1750000,4,32550000,4,4,0,0,43.4588744588745,2,1
18,2019,-5e+05,2,40500000,4,2,0,0,124.62152194211,2,2
18,2020,0,0,10800000,2,0,0,0,0,0,0
18,2021,0,0,11500000,2,0,0,0,38.5388888888889,0,2
19,2010,6700000,1,8250000,5,1,1,1,55.406882006882,1,2
19,2019,-3e+05,1,18650000,8,1,1,1,116,1,1
23,2013,0,0,1650000,4,0,0,0,0,0,1
24,2009,0,0,1250000,2,1,1,1,0,0,1
24,2010,-2850000,2,2450000,3,5,2,0.4,0,0,1
24,2012,950000,2,7250000,7,4,2,0.5,108.771168544442,0,4
24,2013,0,0,6175000,5,0,0,0,90.6169000933707,0,4
24,2014,-5600000,5,5700000,3,8,0,0,121.326598109493,4,2
24,2015,2e+06,2,11820000,7,3,0,0,193.800360587125,2,3
24,2016,-5600000,4,3300000,4,6,0,0,40.6095745327944,3,1
24,2017,3900000,1,23550000,8,1,0,0,271.425615490461,1,6
24,2018,5300000,3,27350000,9,3,0,0,207.367156188325,2,5
24,2019,63900000,5,78340000,10,5,0,0,181.395803112996,2,7
24,2020,-25500000,4,9e+06,4,4,0,0,265.243333333333,3,4
24,2021,-1.8e+07,3,7850000,4,3,0,0,87.9064407814408,2,1
27,2009,2600000,3,75700000,5,5,4,0.8,1019.12232457085,5,4
27,2010,1800000,1,1.7e+07,1,2,2,1,48.4160395160395,2,1
27,2011,4850000,1,51800000,4,1,0,0,148.229618459456,1,3
27,2012,0,0,70300000,5,0,0,0,54.1975870605666,0,3
27,2013,-8600000,3,6.2e+07,2,4,0,0,209.961431267391,4,2
27,2014,-5400000,3,53400000,6,4,1,0.25,142.967948076748,3,4
27,2015,10100000,4,81250000,4,6,1,0.166666666666667,209.30990806579,6,2
27,2016,-8200000,4,7e+07,2,4,0,0,66.3909515605168,2,2
27,2017,13750000,2,103500000,5,2,0,0,163.279219045962,2,4
27,2018,53500000,4,1e+07,1,5,0,0,32.9209031164913,4,0
27,2019,7500000,3,1.26e+08,4,3,0,0,163.847310609927,3,2
27,2020,-3e+06,1,7.7e+07,3,1,0,0,18.684126984127,1,2
27,2021,0,0,57500000,2,0,0,0,0,0,1
29,2009,0,0,23300000,3,2,1,0.5,146.708777333777,1,2
29,2010,-8e+05,2,1700000,2,3,3,1,0,1,0
29,2011,0,0,7200000,2,5,3,0.6,32.9591172716173,3,1
29,2012,14400000,1,21650000,5,3,3,1,0,1,1
29,2013,27600000,1,28300000,4,3,2,0.666666666666667,69.9103174603175,3,1
29,2014,-3100000,1,40160000,2,1,0,0,0,0,1
29,2015,0,0,48900000,7,1,0,0,25.0947642227054,1,2
29,2016,29600000,3,8.6e+07,7,3,0,0,53.3115235641551,2,3
29,2017,-7045000,6,203200000,9,7,0,0,236.963941853241,6,5
29,2018,7100000,3,89650000,3,3,0,0,59.9877206127206,2,2
29,2019,21800000,5,118500000,6,5,0,0,254.34591191193,4,5
29,2020,-5570000,2,74870000,4,2,0,0,45.3232664995823,1,1
29,2021,-2.3e+07,2,2e+06,1,2,0,0,0,0,1
31,2009,0,0,43500000,3,5,5,1,175.947336959566,2,2
31,2010,6950000,2,97730000,8,7,7,1,519.568660360108,3,5
31,2011,-2e+05,2,65325000,6,6,3,0.5,369.259625535283,4,3
31,2012,5800000,1,65600000,6,3,1,0.333333333333333,514.577260849558,2,6
31,2013,10300000,3,55900000,5,4,1,0.25,531.22081955712,2,5
31,2014,51970000,5,149430000,8,7,3,0.428571428571429,290.416821777294,5,6
31,2015,-33300000,4,126500000,7,5,0,0,164.219327954467,4,3
31,2016,28530000,8,79900000,4,8,1,0.125,247.771966379032,4,3
31,2017,143500000,5,173878000,5,5,1,0.2,87.2644543133539,3,3
31,2018,18120000,3,182200000,4,3,0,0,225.260678373914,3,3
31,2019,-4700000,3,10400000,2,3,0,0,12.9154151404151,1,1
31,2020,1900000,2,81550000,4,2,0,0,44.3005050505051,0,2
31,2021,-8500000,3,4e+07,1,3,0,0,74.4084249084249,2,1
33,2009,0,0,8400000,8,1,1,1,196.908111333111,1,2
33,2010,0,3,3.6e+07,8,4,3,0.75,420.761589287905,4,3
33,2011,13700000,3,6800000,3,4,1,0.25,32.927380952381,2,1
33,2012,7e+05,4,4e+06,1,5,1,0.2,66.3041939055097,2,1
33,2013,-5500000,2,25050000,5,4,1,0.25,130.371300410116,1,3
33,2014,3100000,3,4400000,2,3,0,0,57.7265623265623,1,2
33,2015,34150000,5,36100000,6,5,1,0.2,156.819047228142,3,3
33,2016,-17150000,7,42800000,6,7,0,0,185.073671546891,5,3
33,2017,9e+05,2,48500000,6,2,0,0,161.437081655874,1,5
33,2018,9450000,4,62200000,7,6,1,0.166666666666667,234.564697230874,3,5
33,2019,-6100000,3,27500000,3,3,0,0,53.0998949579832,1,2
33,2020,-550000,1,0,0,1,0,0,0,1,0
38,2012,0,0,2550000,8,0,0,0,121.766977466977,0,3
38,2018,-2200000,2,5150000,4,2,1,0.5,0,0,1
38,2019,4900000,3,9550000,2,3,0,0,46.0379901960784,1,1
39,2009,0,0,5e+05,4,2,2,1,0,0,1
39,2010,-180000,1,2700000,3,2,2,1,0,0,1
39,2011,3e+06,1,10700000,10,2,0,0,56.8460317460318,2,2
39,2012,7e+05,1,4180000,4,3,0,0,9.60689865689866,2,0
39,2013,8900000,3,14200000,8,5,0,0,73.3142857142857,1,3
39,2014,5500000,2,7150000,4,2,0,0,35.2715362252127,2,1
39,2015,27650000,6,13250000,7,7,0,0,32.4661068893267,4,1
39,2016,2e+07,5,28710000,9,5,0,0,326.715785733463,4,5
39,2017,0,6,16550000,5,6,0,0,128.447624348476,3,2
39,2018,16250000,7,2.7e+07,5,7,0,0,301.71616381984,5,2
39,2019,11200000,2,28200000,5,2,0,0,220.487076807781,2,4
39,2020,-1.5e+07,1,2e+06,1,1,0,0,0,1,0
39,2021,-4200000,2,6e+06,2,2,0,0,13.0555555555556,1,1
40,2009,3600000,1,28500000,4,3,3,1,279.501839425911,3,4
40,2010,0,0,9500000,3,1,0,0,10.1433621933622,1,2
40,2011,0,0,4e+06,2,3,3,1,39,1,1
40,2012,-12500000,2,2800000,1,4,1,0.25,150.58207854947,4,0
40,2013,1200000,1,3500000,1,3,1,0.333333333333333,27.3146591970121,2,0
40,2014,3125000,2,7700000,5,2,0,0,130.359126984127,1,3
40,2015,15500000,3,1.1e+07,4,4,0,0,34.2647689026946,4,0
40,2016,-6e+05,1,11850000,5,2,1,0.5,81.5286731242614,1,3
40,2017,-13500000,9,32600000,8,9,0,0,247.109954236735,5,4
40,2018,1e+07,3,2e+07,5,3,0,0,35.4152236652237,2,1
40,2019,-52550000,6,1.7e+07,3,6,0,0,206.836793697059,4,2
40,2020,-11500000,4,0,0,4,0,0,11.1833333333333,2,0
40,2021,-3140000,2,8800000,4,2,0,0,198.803110778111,2,2
41,2009,5800000,2,30450000,6,2,2,1,144.751226551227,0,3
41,2010,4e+06,1,15200000,3,2,2,1,76.6433621933622,2,2
41,2011,8950000,2,13400000,6,6,4,0.666666666666667,341.030341463662,5,2
41,2012,7900000,2,2.7e+07,5,2,1,0.5,20.3579365079365,0,2
41,2013,-78550000,3,2e+06,2,3,0,0,47.224388008792,2,1
41,2014,-14400000,5,3.3e+07,10,7,1,0.142857142857143,265.813211673947,4,6
41,2015,-10725000,5,20650000,8,5,0,0,108.352592337143,3,4
41,2016,-10950000,3,43450000,9,3,0,0,55.657583979488,1,4
41,2017,3500000,1,1.9e+07,4,1,0,0,79.9122977899294,1,3
42,2009,0,0,550000,1,2,2,1,0,0,0
42,2010,0,0,1e+06,1,1,1,1,0,1,0
42,2011,0,0,4200000,5,0,0,0,0,0,1
42,2012,-25000,1,9150000,7,3,0,0,0,1,0
42,2013,-1300000,1,10050000,4,3,0,0,58.9691830829989,1,2
42,2014,-750000,3,10800000,3,5,0,0,109,1,1
42,2015,-2e+06,3,17800000,8,3,0,0,52.5860298553393,3,1
42,2017,-1750000,1,18500000,4,1,0,0,0,0,1
42,2018,3200000,4,14400000,4,5,2,0.4,118.363096054273,4,1
44,2009,-350000,1,3160000,3,2,2,1,0,1,0
44,2011,350000,1,1400000,3,3,2,0.666666666666667,53.2670634920635,0,3
44,2013,0,0,1e+06,1,0,0,0,0,0,1
44,2014,10850000,3,14500000,9,3,2,0.666666666666667,156.690433422786,3,6
44,2015,-2055000,3,7300000,3,3,1,0.333333333333333,143.636356698857,3,1
44,2016,2900000,2,6700000,2,4,0,0,0,0,1
44,2017,3700000,2,13500000,3,2,0,0,56.8034621126,2,2
44,2018,1.2e+07,2,14500000,3,2,0,0,4.86666666666667,2,0
44,2019,11645000,2,106700000,7,2,0,0,53.4097806453312,1,4
44,2020,-2100000,4,2.6e+07,3,4,0,0,414.972027417027,2,3
44,2021,-4e+06,3,25600000,6,3,0,0,331.140476190476,2,4
46,2009,74225000,6,97200000,7,9,8,0.888888888888889,364.335075499549,4,5
46,2010,51655000,8,36135000,5,9,7,0.777777777777778,174.75235407867,6,3
46,2011,12850000,3,34400000,7,5,2,0.4,358.91350676757,3,4
46,2012,7551000,6,71300000,10,9,2,0.222222222222222,762.639294103169,7,7
46,2013,-7050000,6,57890000,10,7,2,0.285714285714286,330.374706406649,4,5
46,2014,5250000,4,11150000,4,4,1,0.25,10.9406787656788,4,0
46,2015,36270000,13,89600000,7,15,2,0.133333333333333,622.660588476649,9,5
46,2016,-1100000,4,157850000,11,4,1,0.25,133.882050259682,3,8
46,2017,30240000,13,137100000,6,13,3,0.230769230769231,325.326998012706,8,4
46,2018,3850000,15,80600000,5,15,7,0.466666666666667,273.832042059248,7,2
46,2019,3790000,8,177300000,9,8,2,0.25,144.806400090258,4,6
46,2020,25425000,8,120500000,6,8,4,0.5,214.204189874453,4,5
46,2021,-6450000,5,3.1e+07,3,5,1,0.2,459.422136197136,4,1
60,2009,0,0,3150000,4,2,2,1,210,1,1
60,2010,0,1,1450000,3,2,1,0.5,97,0,2
60,2011,12575000,3,3e+06,3,4,1,0.25,157.527124629756,4,0
60,2012,0,0,1500000,3,1,0,0,0,1,0
60,2013,1775000,3,6230000,5,5,1,0.2,211.122244826037,4,1
60,2014,-15200000,3,14150000,8,4,0,0,323.220906810768,3,2
60,2016,-2550000,3,16780000,8,3,0,0,33.1613173376331,2,3
60,2017,5400000,5,18150000,7,5,1,0.2,38.546615634967,2,3
60,2018,-26650000,5,17800000,6,6,1,0.166666666666667,19.9213720919603,1,2
60,2019,-1450000,5,17500000,5,5,3,0.6,253.906098064302,1,4
60,2020,-250000,7,13700000,2,7,0,0,380.786818181818,4,2
60,2021,-1950000,3,5e+06,1,3,0,0,0,1,0
65,2012,0,0,3300000,6,3,2,0.666666666666667,58.043855572532,1,3
65,2021,0,1,1300000,3,1,1,1,54.9252747252747,1,2
79,2009,0,0,15600000,4,3,3,1,180.987093462093,3,1
79,2010,1875000,2,13100000,7,5,4,0.8,722.653553098948,5,4
79,2011,-11450000,3,10800000,4,4,1,0.25,520.331579368344,3,3
79,2012,9e+05,1,1500000,1,4,2,0.5,85.5406824455738,3,0
79,2013,-675000,4,6700000,4,6,2,0.333333333333333,18.2175324675325,2,1
79,2014,-7750000,2,10550000,4,2,0,0,0,0,1
79,2015,-84600000,9,13420000,7,9,1,0.111111111111111,30.9214099052486,2,2
79,2017,1450000,4,30700000,10,4,1,0.25,234.343541281643,3,5
79,2018,10850000,4,48760000,7,4,2,0.5,175.98841991342,2,3
79,2020,5700000,2,14200000,4,2,0,0,75.3038455988456,1,2
79,2021,-3450000,3,15250000,5,3,0,0,259.678918303918,3,2
80,2009,225000,1,1600000,3,1,1,1,0,0,0
80,2021,-2150000,1,0,0,1,0,0,0,0,0
82,2009,0,0,27300000,5,3,3,1,501.376449167161,3,2
82,2010,44025000,6,54350000,10,10,8,0.8,230.93973416934,3,4
82,2011,450000,1,48100000,13,3,2,0.666666666666667,374.278968253968,2,3
82,2012,6150000,2,27100000,7,3,1,0.333333333333333,268.109171384171,3,4
82,2013,-4600000,8,50600000,6,10,1,0.1,568.399280161703,6,4
82,2014,-2300000,5,38250000,5,6,0,0,272.698009475904,3,4
82,2015,-350000,6,68100000,7,6,0,0,162.06613205168,4,3
82,2016,28350000,6,76550000,10,7,0,0,806.928447212925,6,8
82,2017,23800000,4,63250000,10,5,0,0,184.240533709444,4,4
82,2018,4e+05,2,4e+07,6,2,0,0,109.158815041168,1,4
82,2019,-58500000,5,37800000,5,5,0,0,116,2,0
82,2020,-8700000,2,2e+07,3,2,0,0,112,1,1
82,2021,-4e+05,2,52500000,6,2,0,0,47.625,0,3
86,2009,25700000,1,11300000,4,2,2,1,357.868422590481,2,3
86,2010,14200000,1,16240000,5,4,3,0.75,35.9904761904762,2,1
86,2011,4450000,4,7700000,6,8,4,0.5,69.3800943939102,2,2
86,2012,5500000,1,13780000,6,4,1,0.25,325.258104729172,3,2
86,2013,575000,5,9750000,4,5,0,0,345.137626825359,3,4
86,2014,225000,4,6200000,4,4,0,0,0,0,1
86,2015,10900000,5,12380000,6,5,0,0,90.2139054529922,1,3
86,2016,5175000,7,23700000,7,8,0,0,395.73501154762,3,5
86,2017,-63025000,4,17800000,5,4,0,0,39.7218765142903,1,2
86,2018,7700000,7,25800000,8,7,0,0,94.342427017427,3,3
86,2019,0,0,1e+07,2,0,0,0,0,0,1
86,2020,-5300000,1,1.1e+07,2,1,0,0,59.0845238095238,1,2
89,2019,-10550000,2,9150000,5,2,0,0,8.56294718353542,1,2
89,2020,1420000,3,1500000,1,3,2,0.666666666666667,0,1,0
89,2021,-2600000,5,13900000,8,5,1,0.2,118.440476190476,2,2
105,2015,0,0,1e+06,2,0,0,0,0,0,1
105,2016,8e+05,3,3700000,4,4,2,0.5,24.9013736263736,3,1
127,2014,0,0,1550000,5,0,0,0,11,0,2
127,2019,-7e+05,4,750000,3,4,1,0.25,10.4869047619048,1,1
130,2009,9589000,4,26221000,8,10,8,0.8,263.577225368944,5,5
130,2010,14400000,4,2.6e+07,9,7,4,0.571428571428571,198.942907458039,3,6
130,2011,20350000,7,9410000,8,11,4,0.363636363636364,463.058136372571,7,5
130,2012,12075000,4,28200000,13,6,1,0.166666666666667,274.908025343511,4,5
130,2013,24910000,13,13592000,20,14,2,0.142857142857143,141.325396825397,6,3
130,2014,4300000,9,17240000,11,13,0,0,190.558409777357,7,4
130,2018,-1220000,1,17401000,9,2,2,1,7.67478991596639,0,2
130,2019,10450000,7,20709000,12,8,2,0.25,62.3920770406065,2,4
130,2020,3100000,2,99830000,13,2,0,0,135.694516959648,0,4
131,2009,0,0,113500000,4,2,2,1,89.2603535353535,2,1
131,2010,14650000,1,72500000,4,2,1,0.5,135.964423076923,1,4
131,2011,36700000,4,6e+07,2,5,2,0.4,380.519780078023,5,2
131,2012,0,0,3.3e+07,2,0,0,0,39.4439748976514,0,2
131,2013,2e+05,2,1.01e+08,2,3,0,0,121.671257162619,3,1
131,2014,6.7e+07,4,166720000,7,4,0,0,392.188654782037,4,6
131,2015,1e+07,3,5.1e+07,2,3,1,0.333333333333333,47.7705613232084,3,2
131,2016,25350000,4,124750000,6,4,0,0,233.985628389498,3,5
131,2017,118500000,2,375100000,7,3,0,0,140.635583708593,2,4
131,2018,16800000,8,138900000,6,8,0,0,156.208545702663,5,4
131,2019,4.3e+07,8,3.01e+08,8,8,0,0,341.556924229656,7,6
131,2020,12300000,7,1.12e+08,3,7,0,0,693.313026826974,7,3
131,2021,-12500000,4,1.4e+07,1,4,0,0,474.915187590188,4,1
132,2010,0,0,0,0,1,1,1,0,0,0
132,2011,0,0,0,0,1,1,1,0,0,0
132,2012,-850000,1,0,0,4,1,0.25,0,2,0
132,2013,-2850000,2,0,0,2,0,0,20.1393939393939,2,0
132,2017,-2650000,1,3e+05,3,1,1,1,9.08888888888889,1,1
132,2018,-1e+06,2,0,0,2,0,0,0,0,0
133,2014,0,0,50000,1,1,1,1,0,1,0
133,2015,0,1,75000,1,2,0,0,9.74959191135662,2,0
142,2009,4400000,1,11500000,3,3,3,1,137.622524534289,2,2
142,2010,0,0,3850000,3,1,0,0,48.334632034632,1,2
142,2011,-5500000,1,10900000,3,3,2,0.666666666666667,257.879269268743,3,3
142,2012,0,0,1800000,3,2,0,0,60.104681266446,2,1
148,2009,3700000,3,40300000,6,6,6,1,68.2551587301587,4,1
148,2010,-2800000,1,25900000,4,1,1,1,97,0,2
148,2011,-1e+06,1,6750000,2,7,5,0.714285714285714,233,3,0
148,2012,27380000,4,73250000,8,8,4,0.5,781.214229287299,5,6
148,2013,110165000,5,122530000,7,7,3,0.428571428571429,467.051838379012,4,5
148,2014,27900000,7,48480000,7,8,3,0.375,306.559254705563,5,4
148,2015,56280000,10,7.1e+07,5,11,1,0.0909090909090909,528.3899775103,9,4
148,2016,23300000,4,82400000,4,5,0,0,187.672262469698,3,3
148,2017,67900000,5,123500000,5,5,0,0,208.444487907174,5,3
148,2018,4350000,1,0,0,1,0,0,0,0,0
148,2019,6e+06,3,1.28e+08,4,4,0,0,55.0960397224914,2,2
148,2020,-4700000,1,107500000,5,1,0,0,103.54142838156,1,4
148,2021,-4300000,4,66900000,3,4,0,0,529.41810966811,2,3
150,2011,4450000,1,1635000,2,1,1,1,33.197619047619,0,2
150,2012,0,0,2150000,3,0,0,0,28.8857142857143,0,2
150,2013,-7500000,1,5600000,5,3,1,0.333333333333333,122.253205128205,2,1
150,2015,3e+05,2,8850000,7,2,0,0,9.68796285413932,0,3
150,2016,5700000,1,20900000,7,1,0,0,86.923783423319,1,3
150,2017,-2230000,7,38500000,8,7,2,0.285714285714286,441.493094316718,4,6
150,2018,-5450000,4,41500000,5,4,0,0,90.8305041965259,4,2
150,2019,25300000,6,92750000,7,6,0,0,214.242656227408,6,4
150,2020,7600000,4,0,0,4,0,0,76.7510822510822,3,0
150,2021,-1.1e+07,1,3500000,1,1,0,0,30.0380952380952,1,1
162,2009,0,0,8500000,3,4,4,1,120.649242424242,1,2
162,2010,6950000,3,8800000,3,6,5,0.833333333333333,175.031432456432,4,1
162,2013,0,0,160700000,10,2,2,1,209.558113522409,0,6
162,2014,60520000,3,39750000,4,3,1,0.333333333333333,265.855640412219,2,3
162,2015,35500000,8,99060000,13,8,2,0.25,860.249524428623,8,8
162,2016,5950000,5,50500000,5,5,1,0.2,127.399338935059,3,4
162,2017,38300000,9,122400000,8,9,2,0.222222222222222,697.074138353902,7,5
162,2018,30100000,10,145400000,13,10,0,0,846.519688528706,8,9
162,2019,-9500000,6,1.93e+08,12,6,0,0,451.251578821635,4,8
162,2020,2480000,5,51200000,5,5,0,0,283.306521022837,3,3
162,2021,250000,6,34500000,3,6,0,0,665.076415251415,5,3
164,2009,23550000,2,13280000,4,5,5,1,224.435983134513,3,2
164,2010,0,0,4450000,2,1,1,1,0,0,0
164,2011,18850000,3,20550000,7,6,4,0.666666666666667,113.859500222,2,3
167,2011,0,0,975000,4,2,1,0.5,0,1,0
167,2012,0,0,2600000,6,1,0,0,13.6633208896367,0,2
167,2013,0,0,3950000,4,1,0,0,113,1,1
167,2014,0,3,12450000,7,3,0,0,165.390232637733,3,3
167,2015,23500000,2,16700000,6,3,0,0,60.4925192841214,1,3
167,2016,11200000,5,23700000,6,6,1,0.166666666666667,176.502383727384,2,4
167,2017,-15600000,5,7550000,4,6,0,0,128.851294053384,4,2
167,2018,850000,3,6e+06,2,3,0,0,0,0,0
167,2019,-1.1e+07,3,3e+07,9,3,0,0,155.266813421337,3,4
167,2020,-4250000,2,10300000,3,2,0,0,222,1,1
167,2021,2100000,2,7200000,2,2,0,0,14.4730158730159,2,0
180,2012,0,0,41500000,8,0,0,0,26.130303030303,0,2
180,2013,3400000,2,39600000,3,2,1,0.5,63.9756835269993,1,2
180,2014,44830000,6,95500000,7,7,4,0.571428571428571,368.451115544242,4,4
180,2015,42700000,2,58400000,7,2,1,0.5,282.546226007967,2,5
180,2016,-9800000,5,68900000,5,5,1,0.2,227.753085917351,4,4
180,2017,39350000,2,61250000,4,2,0,0,60.9486813071146,2,3
180,2018,4600000,2,62250000,4,2,0,0,132.325123895712,2,2
180,2019,4300000,3,57500000,3,3,0,0,38.3385031635032,1,1
180,2020,-26900000,2,37300000,3,2,0,0,128.705804283436,2,3
180,2021,4370000,5,43100000,4,5,0,0,432.747763347763,4,2
192,2009,0,0,0,0,2,2,1,106,2,0
192,2010,0,0,1e+05,1,0,0,0,0,0,0
192,2011,0,0,350000,1,0,0,0,0,0,1
192,2012,2200000,1,10000,1,1,1,1,0,1,0
192,2013,0,0,250000,1,1,0,0,0,0,0
192,2015,-8e+05,1,0,0,2,0,0,0,1,0
192,2016,0,0,995000,5,0,0,0,0,0,0
192,2017,150000,2,0,0,2,1,0.5,0,1,0
200,2009,0,0,5800000,4,0,0,0,88.139898989899,0,2
200,2010,0,0,1250000,2,0,0,0,0,0,1
200,2011,5580000,3,8e+06,4,4,1,0.25,146.944578134284,3,0
200,2012,0,0,1550000,3,0,0,0,0,0,1
200,2013,2950000,2,0,0,2,0,0,0,1,0
200,2014,3075000,4,0,0,4,0,0,0,1,0
200,2015,0,0,950000,2,0,0,0,0,0,1
200,2016,3750000,2,5e+05,2,3,0,0,121.863636363636,2,1
200,2017,-2.3e+07,2,1100000,3,2,0,0,148.471353646354,2,2
200,2018,1900000,2,2550000,4,2,0,0,93.9104043015808,1,3
200,2019,-950000,3,1600000,2,3,0,0,11.302380952381,0,2
200,2020,-450000,2,0,0,2,0,0,43.7268253968254,2,0
200,2021,0,1,1200000,1,1,0,0,0,0,0
202,2009,8800000,1,1460000,2,1,1,1,0,1,0
202,2010,0,0,2650000,4,1,1,1,0,0,0
202,2011,5590000,2,1960000,3,3,3,1,149.798674772939,2,1
202,2012,-10357000,3,2830000,6,4,2,0.5,258.560373250984,2,1
202,2013,-53710000,3,650000,1,3,0,0,21.1595238095238,1,1
202,2014,-16130000,4,4345000,7,4,0,0,438.984340659341,2,5
202,2015,3140000,4,3700000,5,4,0,0,117.34177976736,1,3
202,2016,-17025000,2,0,0,2,0,0,0,1,0
202,2017,-23050000,5,375000,1,5,0,0,4.94358974358974,2,0
202,2018,-2500000,1,3200000,3,1,0,0,7.48010878010878,1,1
202,2019,2950000,4,850000,2,4,0,0,11.5255952380952,2,0
202,2020,-2550000,3,2075000,3,3,0,0,192.983333333333,2,2
202,2021,250000,4,4075000,6,4,0,0,228.585714285714,2,2
234,2009,0,0,5100000,3,1,1,1,0,0,1
234,2011,-20800000,4,0,0,4,3,0.75,63.9476484300014,3,0
234,2012,1600000,2,1400000,2,3,2,0.666666666666667,64.5631578947368,2,1
234,2013,0,0,3e+06,1,0,0,0,0,0,1
234,2014,-21650000,4,8700000,4,4,0,0,346.797837929185,4,4
234,2015,8675000,5,10500000,5,5,0,0,355.185223844783,3,4
234,2016,0,1,3500000,1,2,0,0,0,1,0
234,2017,12900000,5,26800000,6,5,0,0,376.159524446364,3,4
234,2018,-13200000,6,2e+06,1,6,0,0,99.2792937454702,4,0
234,2019,-5950000,4,11300000,3,4,0,0,0,1,0
234,2020,0,0,5440000,5,0,0,0,222,0,2
234,2021,-1.1e+07,3,3450000,4,3,0,0,105,2,1
235,2011,0,0,0,0,1,0,0,0,1,0
235,2012,0,0,150000,2,0,0,0,0,0,1
235,2013,-475000,2,0,0,2,0,0,13.8254329004329,2,0
235,2019,-7e+05,1,1e+05,1,1,1,1,0,0,0
235,2021,-6e+05,1,0,0,1,0,0,0,1,0
237,2009,550000,2,4e+05,1,4,4,1,151.829336014862,3,1
237,2010,1500000,1,0,0,3,3,1,9.17424242424242,2,0
237,2011,7800000,2,3400000,3,3,2,0.666666666666667,26.4726551226551,2,1
237,2012,0,0,2200000,2,1,1,1,57.1270202020202,1,2
237,2019,0,0,7e+06,4,0,0,0,0,0,0
237,2021,-2500000,2,9e+06,3,2,1,0.5,105,1,1
244,2009,0,0,42300000,8,5,5,1,982.317744917048,4,6
244,2010,4700000,2,41500000,4,5,5,1,233.544807969808,3,4
244,2011,0,0,1.1e+07,3,0,0,0,3.29166666666667,0,2
244,2012,12750000,4,8700000,6,5,1,0.2,382.7930644616,3,2
244,2013,0,2,39400000,7,2,0,0,144.109126984127,2,4
244,2014,6300000,4,20500000,4,5,1,0.2,176.456307435255,3,1
244,2015,33550000,3,17500000,5,4,0,0,179.023787813494,4,4
244,2016,43790000,8,5.3e+07,6,8,0,0,330.009927092246,5,3
244,2017,-5e+05,1,6e+07,7,1,0,0,279.893465290305,1,7
244,2018,-8150000,3,6.6e+07,4,3,0,0,47.8208694083694,2,1
244,2019,-9950000,4,2.7e+07,2,4,0,0,0,1,1
244,2020,10300000,3,1.2e+07,2,3,0,0,32.4981240981241,2,1
244,2021,-10500000,2,59400000,7,2,0,0,53.1909090909091,1,3
252,2009,8750000,6,78990000,20,11,8,0.727272727272727,454.571227052961,6,9
252,2010,22300000,5,73650000,17,10,6,0.6,646.544415233889,6,10
252,2011,43850000,13,52730000,14,17,4,0.235294117647059,388.984808479274,7,6
252,2012,33625000,12,25800000,11,17,1,0.0588235294117647,472.112360135602,14,5
252,2013,-34444000,9,22680000,8,13,1,0.0769230769230769,250.192421572946,6,5
252,2014,6300000,3,5750000,5,7,1,0.142857142857143,194.485918179401,4,4
252,2015,15200000,8,15150000,8,10,0,0,172.667397826918,5,5
252,2016,39300000,6,26900000,12,7,0,0,147.058314493832,5,5
252,2017,26400000,5,12350000,7,6,0,0,129.815934640073,3,1
252,2018,45751000,12,50725000,13,12,1,0.0833333333333333,193.792648201472,5,4
252,2019,8525000,6,149050000,11,8,1,0.125,456.193124655402,5,5
252,2020,23950000,7,62200000,9,7,0,0,365.058962645542,6,5
252,2021,4e+06,2,20300000,7,2,0,0,81.4778221778222,1,3
273,2009,11927000,2,14600000,3,4,3,0.75,0,1,0
273,2010,20800000,2,22200000,8,5,4,0.8,489.691916416916,4,5
273,2011,2625000,3,16800000,5,4,2,0.5,197.930412101658,4,3
273,2012,14150000,4,8700000,3,7,3,0.428571428571429,22.1690476190476,1,1
273,2013,2e+06,6,13300000,5,7,1,0.142857142857143,399.356387134126,4,3
273,2014,-7750000,3,15140000,10,4,0,0,368.257323232323,3,3
273,2015,-14400000,1,5140000,4,1,0,0,21.3311807473572,1,2
273,2016,50000,8,2270000,2,8,0,0,249.27593971474,6,1
273,2017,5400000,5,53900000,8,6,0,0,158.61779499161,4,2
273,2018,16800000,2,1.8e+07,4,2,0,0,223.554410295587,2,3
273,2019,-11600000,5,58100000,6,5,0,0,391.982892030383,5,5
273,2020,-29080000,8,6.7e+07,5,8,0,0,719.884909622541,7,2
273,2021,-44550000,8,79500000,7,8,0,0,371.541125541126,4,3
276,2013,-35500000,1,6800000,8,1,1,1,380.936523297824,1,7
276,2014,24300000,4,21360000,6,7,1,0.142857142857143,130.271697722356,4,4
276,2015,850000,2,6300000,4,2,1,0.5,8.33659122553859,1,3
276,2017,-4750000,4,3050000,3,4,0,0,50.2159436294027,2,2
276,2019,5470000,7,22193000,12,7,1,0.142857142857143,135.364878340614,3,5
276,2020,-9e+05,3,14200000,8,3,2,0.666666666666667,190.995298853194,1,4
276,2021,2250000,4,3.1e+07,6,4,1,0.25,122.111183261183,3,4
281,2009,4100000,3,147300000,7,6,6,1,514.180697080697,3,5
281,2010,22550000,2,183610000,7,4,4,1,461.737395134106,4,7
281,2011,2e+06,2,90550000,5,5,4,0.8,245.597695072386,4,2
281,2012,22100000,3,61950000,5,5,2,0.4,480.758068958942,4,5
281,2013,8400000,1,115500000,5,1,0,0,127.495220021674,1,3
281,2014,25825000,3,102800000,5,3,0,0,270.237190587191,2,3
281,2015,34300000,7,208195000,9,7,0,0,156.025193252105,5,4
281,2016,1.9e+07,4,2.15e+08,10,4,0,0,287.299972408912,4,5
281,2017,38850000,9,317500000,10,10,0,0,539.031957767905,8,5
281,2018,-5400000,7,78590000,5,7,1,0.142857142857143,460.285318276495,5,2
281,2019,1500000,5,159520000,6,5,0,0,217.194847420342,3,3
281,2020,-3350000,3,161800000,7,3,0,0,116.535173160173,3,2
281,2021,-23200000,3,127500000,2,3,0,0,160.610894660895,3,1
289,2009,4575000,3,44600000,6,8,8,1,295.169688541593,3,5
289,2010,3740000,3,28500000,5,7,4,0.571428571428571,219.065498390498,3,3
289,2011,-2e+06,1,27250000,7,2,2,1,12.3846667221667,2,1
289,2012,7725000,3,38300000,4,6,2,0.333333333333333,77.532677045177,2,2
289,2013,11705000,4,31960000,7,4,0,0,291.582730159455,3,3
289,2014,2050000,3,21020000,4,3,0,0,34.7852564102564,0,2
289,2015,9050000,2,64650000,10,2,0,0,226.425165690003,1,6
289,2016,-4230000,4,41900000,7,6,0,0,213.01126513329,4,5
290,2009,0,0,1500000,1,1,1,1,39.1956931956932,1,1
290,2010,730000,1,3500000,2,2,2,1,21.2194444444444,2,0
290,2011,0,0,3750000,3,2,2,1,7.77579365079365,2,1
294,2009,9e+05,1,38300000,13,3,3,1,69.055303030303,0,2
294,2010,57800000,5,37130000,8,6,4,0.666666666666667,273.48562862576,3,2
294,2011,37500000,2,30960000,9,3,2,0.666666666666667,291.601742422524,3,4
294,2012,53475000,7,32060000,5,9,1,0.111111111111111,697.25290761272,4,4
294,2013,24600000,5,54750000,9,6,0,0,204.470091896408,4,2
294,2014,-54450000,10,36650000,11,11,2,0.181818181818182,666.128912104408,6,5
294,2015,-15700000,8,34550000,7,9,1,0.111111111111111,125.842799422799,3,2
294,2016,49650000,8,43770000,10,8,1,0.125,724.192005080851,5,4
294,2017,21150000,9,8250000,7,9,0,0,446.694235684692,7,3
294,2018,16380000,8,26510000,6,8,0,0,131.307819794585,1,2
294,2019,85740000,8,64750000,5,8,1,0.125,434.738682692437,5,5
294,2020,-6900000,3,1.03e+08,8,3,0,0,194.429401154401,2,3
294,2021,-3600000,7,24500000,3,7,0,0,404.181493506494,4,2
306,2009,0,0,3700000,3,3,3,1,0,1,0
306,2010,0,0,2750000,1,2,2,1,0,0,1
306,2011,0,0,1450000,2,2,2,1,19.8626984126984,1,1
306,2012,7e+06,2,2e+06,3,3,0,0,155.466202218834,3,1
306,2013,-5100000,3,1900000,2,3,0,0,42.2174603174603,3,0
306,2014,-24600000,5,3150000,4,5,0,0,58.3340610412979,4,0
306,2015,-22550000,4,3450000,4,4,0,0,256.077593988847,4,2
306,2016,-550000,1,250000,1,1,0,0,0,0,0
306,2017,-7600000,4,4650000,5,4,0,0,64.2917748917749,1,3
306,2018,-12700000,4,1890000,3,4,0,0,147.85119047619,2,1
306,2019,7625000,4,3050000,3,4,0,0,0,1,0
306,2020,3e+06,2,5050000,5,2,0,0,0,0,0
306,2021,-4e+05,1,6e+05,1,1,0,0,0,1,0
317,2009,10500000,2,8400000,5,2,2,1,330.317676767677,2,1
317,2010,-1300000,1,13400000,5,3,3,1,15.0857142857143,3,0
317,2011,11675000,1,8500000,3,3,1,0.333333333333333,287.627867965368,3,3
317,2012,2350000,3,1.8e+07,5,3,0,0,673.595746615711,3,3
317,2013,8550000,4,6250000,6,4,0,0,248.924155433938,3,3
317,2014,-4500000,2,5600000,3,3,0,0,16.0809523809524,1,2
317,2015,-28850000,8,0,0,8,0,0,155.274221203633,4,0
317,2016,-24500000,2,350000,3,2,0,0,10.5175647451963,2,0
317,2017,-22350000,3,7e+05,2,3,0,0,0,1,0
317,2020,-250000,1,0,0,1,0,0,0,1,0
317,2021,-1200000,2,0,0,2,0,0,0,1,0
331,2009,0,0,2460000,2,2,2,1,0,1,0
331,2010,-7e+06,1,2790000,2,2,2,1,72.3868131868132,2,0
331,2011,4500000,1,2500000,2,2,1,0.5,21.25226995227,2,1
331,2012,4625000,2,0,0,3,1,0.333333333333333,0,0,0
331,2013,0,0,3100000,3,1,1,1,0,1,0
331,2016,-36250000,1,2200000,2,1,1,1,0,1,0
331,2019,0,0,13950000,7,0,0,0,89.2908903397104,0,6
331,2020,2150000,2,8250000,4,2,2,1,163.475714285714,0,4
331,2021,0,0,8700000,2,0,0,0,0,0,1
332,2009,1490000,1,18385000,10,1,0,0,72.2821720991999,1,5
332,2010,257200000,2,8700000,3,2,1,0.5,35.5563603063603,1,2
336,2009,0,0,15466000,5,0,0,0,112.870559016147,0,3
336,2010,15100000,2,12800000,6,3,3,1,57.5663780663781,2,3
336,2011,269000,1,34010000,13,5,3,0.6,783.934705035247,3,9
336,2012,7590000,5,10650000,4,7,2,0.285714285714286,362.073405313783,6,2
336,2013,20460000,5,2740000,5,7,0,0,436.423614861231,5,2
336,2014,4150000,4,10690000,7,4,0,0,120.421626984127,2,2
336,2015,8020000,5,9520000,5,6,0,0,81.1715680455309,3,2
336,2016,62280000,6,34520000,10,7,0,0,92.5810725823883,2,3
336,2017,33382000,8,45310000,11,8,1,0.125,627.74093099435,5,7
336,2018,-23710000,9,29550000,10,9,1,0.111111111111111,324.616930111512,4,3
336,2019,-43300000,8,3e+07,5,8,0,0,270.982346690581,7,2
336,2020,-14700000,6,35050000,5,6,0,0,400.21847041847,3,5
336,2021,-2500000,2,1.2e+07,2,2,0,0,163.954545454545,1,2
337,2009,250000,1,1.8e+07,6,1,1,1,33.9210428460428,0,2
337,2010,0,0,23400000,5,0,0,0,60.2385076911393,0,3
347,2014,-5050000,2,3600000,4,2,2,1,17.3333333333333,2,0
347,2016,-1225000,1,0,0,1,0,0,0,0,0
347,2017,-5875000,5,3600000,2,5,2,0.4,73.9164457437987,3,2
347,2019,-1600000,2,14350000,5,2,0,0,0,0,1
347,2020,0,1,14700000,6,1,1,1,156.872936507937,1,3
347,2021,-4e+06,3,0,0,3,0,0,0,1,0
350,2019,-350000,2,70500000,6,2,1,0.5,0,0,1
350,2020,0,0,62700000,6,0,0,0,0,0,1
355,2009,1700000,1,1.2e+07,5,1,1,1,25.7611111111111,0,2
355,2010,-6e+05,1,5395000,3,1,1,1,0,1,0
355,2011,7030000,2,14600000,5,4,3,0.75,45.008189033189,2,1
366,2009,-5e+05,2,6050000,3,2,2,1,160.694311244311,2,2
366,2013,4e+05,2,1050000,2,2,0,0,0,1,0
366,2018,0,0,9600000,6,0,0,0,0,0,1
366,2019,5500000,1,1400000,2,1,1,1,2.59731559290383,1,1
366,2020,2e+06,1,9350000,5,1,0,0,304.041309888942,1,4
367,2011,1e+06,1,0,0,1,1,1,0,1,0
367,2012,0,0,0,0,1,0,0,0,1,0
367,2013,5e+06,1,0,0,1,0,0,0,1,0
367,2014,0,0,5e+05,1,0,0,0,0,0,0
367,2015,0,0,1e+05,1,0,0,0,0,0,0
367,2018,-2e+06,2,10950000,7,2,1,0.5,236.762301587302,2,2
367,2021,1e+06,1,4300000,3,1,1,1,0,0,0
368,2009,0,0,2.7e+07,3,4,4,1,217.200145116322,2,3
368,2010,9150000,1,16300000,4,4,4,1,273.118759018759,3,2
368,2011,1100000,1,1.9e+07,7,6,2,0.333333333333333,412.394461326427,4,6
368,2012,1e+07,2,1.4e+07,5,2,0,0,18.5389711737538,2,0
368,2013,16350000,8,34550000,9,9,2,0.222222222222222,570.407791694927,7,4
368,2014,33850000,6,20950000,8,6,2,0.333333333333333,408.151123234923,5,4
368,2015,40100000,4,4e+07,7,4,0,0,243.039065043144,3,7
368,2016,30950000,8,76700000,10,8,0,0,323.110383239911,6,4
368,2017,69250000,7,75700000,7,7,0,0,283.793083523679,5,4
368,2018,23600000,5,76750000,8,5,0,0,241.772569750511,4,4
368,2019,6350000,9,177750000,13,9,0,0,820.995651249575,6,10
368,2020,-4320000,3,72250000,8,3,0,0,920.496138072454,3,7
368,2021,-11500000,3,38500000,4,3,0,0,264.340548340548,2,2
379,2009,28400000,1,21050000,7,4,4,1,317.899188230071,3,4
379,2010,3950000,3,16475000,7,3,1,0.333333333333333,117.530817793318,2,2
379,2012,4150000,2,22345000,6,2,2,1,200.344076537498,0,3
379,2013,205000,1,23300000,2,1,1,1,0,0,1
379,2014,3200000,1,35150000,6,1,0,0,100.462945241893,1,2
379,2015,4800000,2,51700000,7,5,0,0,62.1182243195401,2,3
379,2016,33500000,2,70800000,6,2,1,0.5,49.8109634930287,2,3
379,2017,51920000,8,53300000,4,8,0,0,95.5689351068608,3,2
379,2018,3e+06,3,100900000,7,3,0,0,339.78616938617,2,5
379,2019,22230000,8,115300000,5,8,0,0,298.218286537724,6,2
379,2020,-1290000,6,46900000,4,6,0,0,27.0481962481962,2,0
379,2021,-7e+06,1,67300000,3,1,0,0,62.242624042624,1,2
380,2021,0,0,2800000,3,0,0,0,0,0,0
383,2009,0,0,7100000,2,3,3,1,42.9767316017316,1,1
383,2010,75000,2,8500000,3,4,4,1,11.4819444444444,2,1
383,2011,13500000,1,26550000,6,2,2,1,199.439989177489,1,4
383,2012,-3100000,1,8800000,3,2,1,0.5,218.636252050547,2,2
383,2013,28455000,6,14555000,5,6,2,0.333333333333333,535.540613918246,5,4
383,2014,2100000,2,5500000,1,2,0,0,0,1,1
383,2015,-20300000,3,20300000,6,4,0,0,260.246090155912,4,4
383,2016,14150000,3,5250000,2,3,0,0,112.219626451979,2,1
383,2017,26400000,8,27900000,4,8,0,0,346.032740607998,6,2
383,2018,5850000,5,21250000,5,5,0,0,393.541474538534,3,2
383,2019,-19150000,7,31500000,4,7,0,0,386.54559369609,6,3
383,2020,-1700000,4,15500000,3,4,1,0.25,525.442662337663,3,1
383,2021,-12080000,6,6e+06,2,6,0,0,416.068997668998,5,1
385,2018,0,0,160000,1,0,0,0,0,0,0
385,2019,0,0,2e+05,1,0,0,0,0,0,0
385,2020,-4e+05,2,8e+05,4,2,0,0,112,1,1
398,2009,4e+06,1,30650000,6,2,2,1,264.135086155674,2,4
398,2010,22260000,2,29500000,5,4,3,0.75,124.236272937589,3,2
398,2011,3150000,2,22340000,7,5,2,0.4,89.4621588765552,2,2
398,2012,0,0,1530000,2,2,2,1,111.663030930422,2,1
398,2013,23150000,2,26830000,5,5,1,0.2,172.822221607941,5,1
398,2014,-1e+05,1,12250000,3,1,0,0,36.5621168159326,0,2
398,2015,1550000,1,31250000,6,3,0,0,27.1960067710068,1,3
398,2016,23300000,3,32700000,7,4,0,0,267.626775036558,3,4
398,2017,57120000,5,14600000,5,5,0,0,125.131467770276,4,3
398,2018,2.8e+07,1,51280000,6,1,0,0,43.7707447780977,1,3
398,2019,-5800000,4,46876000,11,4,0,0,102.477056277056,3,2
398,2020,-250000,3,40620000,3,3,0,0,24.8186507936508,2,0
398,2021,-2e+06,1,12560000,4,1,0,0,35.9345238095238,1,2
399,2020,0,0,105800000,6,0,0,0,222.276479076479,0,6
399,2021,0,0,58900000,4,0,0,0,76.9333694083694,0,3
403,2010,0,0,0,0,1,1,1,0,1,0
403,2012,0,0,25000,1,0,0,0,0,0,0
403,2015,-88850000,2,3e+05,1,2,1,0.5,47.3714285714286,1,1
403,2016,0,0,150000,1,0,0,0,0,0,0
403,2017,-75000,1,225000,2,1,0,0,0,1,0
403,2018,2500000,1,1e+05,1,1,0,0,0,0,0
403,2019,-220000,1,250000,1,1,0,0,0,0,0
403,2020,-490000,2,1075000,4,2,0,0,164.326428571429,1,2
403,2021,-5e+05,2,750000,1,2,0,0,0,1,0
405,2009,0,0,46900000,6,3,3,1,194.388472638473,3,3
405,2010,22800000,2,37400000,3,4,4,1,407.081016571148,4,3
405,2011,16920000,2,19335000,4,4,2,0.5,437.564685314685,3,3
405,2012,0,0,27830000,8,1,0,0,60.3072344322344,1,1
405,2013,3e+05,1,19840000,7,2,0,0,218.28009575956,2,4
405,2014,-2385000,4,13450000,4,4,0,0,121.188503163503,1,2
405,2015,46450000,5,66200000,9,5,0,0,178.208729424171,3,6
405,2019,5e+05,1,159100000,13,1,1,1,522.698477433559,0,7
405,2020,270000,1,101350000,5,1,1,1,53.3127344877345,0,3
405,2021,19800000,3,99820000,3,3,0,0,305.464357864358,1,3
410,2009,27600000,5,18333000,11,6,6,1,147.173030478294,4,2
410,2010,10700000,2,13550000,8,5,5,1,139.388081363081,3,2
410,2011,5.2e+07,5,20611000,9,9,5,0.555555555555556,292.204147022568,6,1
410,2012,51175000,5,26400000,8,6,2,0.333333333333333,376.100965480392,5,3
410,2013,26100000,5,24410000,14,5,1,0.2,162.374201643767,4,2
410,2014,8350000,5,29200000,10,6,1,0.166666666666667,58.6698920360685,3,3
410,2015,-19200000,7,21420000,9,8,1,0.125,222.848494725662,6,4
410,2016,-31500000,5,2.6e+07,6,5,0,0,27.1652372176514,2,2
410,2017,-81775000,4,22441000,10,5,0,0,98.4464815604724,5,1
410,2018,111000,7,47800000,8,7,0,0,35.6654002859885,2,1
410,2019,15335000,9,12600000,5,9,0,0,95.9312771881528,6,2
410,2020,-6750000,6,3500000,1,6,1,0.166666666666667,117.992803760567,4,1
410,2021,-15100000,8,9300000,4,8,2,0.25,485.107872682873,3,4
415,2009,0,0,6e+06,2,3,3,1,83.4787369493252,2,1
415,2010,14725000,2,0,0,2,1,0.5,0,1,0
415,2011,2425000,1,13340000,5,3,2,0.666666666666667,112.074540225856,2,1
415,2012,-2e+05,3,1e+06,1,4,2,0.5,36.0264869188782,2,1
415,2013,13200000,3,13550000,8,4,3,0.75,35.1104007104007,3,0
415,2014,13300000,2,3e+06,3,2,0,0,0,1,0
415,2015,-5e+06,2,2900000,2,2,0,0,114,1,1
415,2016,-25500000,2,1.3e+07,5,2,0,0,69.6621101121101,1,3
415,2017,1350000,4,3500000,1,4,0,0,0,0,1
415,2018,-4250000,4,18450000,7,4,0,0,189.65328903123,3,3
415,2019,-6450000,5,1.4e+07,3,5,0,0,40.5167867476371,2,1
416,2012,3530000,3,24280000,10,3,0,0,209.020779667529,2,6
416,2013,13065000,4,19900000,6,5,3,0.6,55.221192185008,4,2
416,2014,-4790000,4,22300000,7,5,0,0,130.959596498273,4,2
416,2015,4500000,4,27200000,7,4,1,0.25,86.6508575961363,2,4
416,2016,1880000,5,27980000,9,7,1,0.142857142857143,82.0065993217309,4,5
416,2017,44650000,9,18850000,4,10,2,0.2,68.3444975044113,5,0
416,2018,4100000,5,49550000,7,5,0,0,266.159820571585,4,5
416,2019,14200000,4,27300000,4,4,0,0,81.5894526883745,1,4
416,2020,2200000,3,43650000,5,3,1,0.333333333333333,245.89882034632,2,4
416,2021,2e+06,3,7400000,3,3,0,0,148.969480519481,3,0
417,2009,0,0,3500000,2,3,3,1,27.0647907647908,2,1
417,2010,16650000,2,1300000,2,3,3,1,10.9507936507936,3,0
417,2011,1e+05,2,8100000,5,2,0,0,7.04920634920635,0,2
417,2012,6e+06,4,6e+06,3,5,1,0.2,170.718122006581,3,2
417,2014,-2e+06,2,1300000,2,3,1,0.333333333333333,50.5114285714286,2,1
417,2015,-14600000,3,4100000,4,3,0,0,41.3213858037387,3,1
417,2016,7100000,2,15250000,7,2,0,0,302.571635279066,1,5
417,2017,21600000,3,26300000,6,3,0,0,190.225321905552,3,4
417,2018,10200000,5,2.8e+07,4,5,0,0,129.283956321456,2,2
417,2019,-25800000,5,5e+07,4,5,0,0,106.819021152435,3,2
417,2020,-3690000,6,29230000,6,6,0,0,477.368434343435,5,4
417,2021,-8e+05,4,4.8e+07,6,4,0,0,750.3136002886,2,6
418,2009,14200000,3,258500000,8,9,8,0.888888888888889,1229.79228914933,7,7
418,2010,0,0,8.9e+07,6,1,1,1,449.103463568595,1,6
418,2011,0,0,5.6e+07,4,1,1,1,134.067908407382,1,3
418,2012,-12500000,1,38500000,2,5,2,0.4,149.219448684831,2,2
418,2013,101200000,5,175500000,5,5,1,0.2,303.993381326276,3,4
418,2014,30300000,3,1.23e+08,4,5,0,0,192.858124969572,5,3
418,2015,9e+06,1,85400000,6,1,0,0,147.800107920402,1,3
418,2016,23500000,4,3e+07,1,4,1,0.25,105.101342982783,4,1
418,2017,22300000,5,40500000,2,5,1,0.2,83.6768624040219,5,2
418,2018,67800000,4,162750000,8,4,0,0,263.250009055272,4,5
418,2019,-67500000,5,353500000,7,5,0,0,144.686918310448,5,4
418,2020,-30300000,7,0,0,7,0,0,369.27059998481,6,0
418,2021,-3.5e+07,2,3.1e+07,1,2,0,0,95.2972582972583,2,1
430,2009,27550000,3,35450000,10,7,6,0.857142857142857,596.883627643999,6,4
430,2010,1100000,1,22800000,6,2,1,0.5,35.2389110889111,0,3
430,2011,-149000,1,17935000,12,6,2,0.333333333333333,59.8201492908536,2,5
430,2012,24350000,3,38090000,12,4,1,0.25,244.276913899691,3,5
430,2013,18200000,3,53300000,6,3,1,0.333333333333333,235.650206620229,3,4
430,2014,18850000,3,7600000,3,4,0,0,50.8364728414574,3,1
430,2015,-3800000,7,20900000,7,7,1,0.142857142857143,101.320770329888,5,2
430,2016,-19850000,7,11900000,5,9,2,0.222222222222222,258.599410475146,5,2
430,2017,4e+07,7,77400000,16,8,1,0.125,326.483448493342,4,7
430,2018,1460000,6,53900000,11,6,1,0.166666666666667,195.414223435663,5,3
430,2019,-5580000,4,46400000,6,4,0,0,19.7655233655234,1,3
430,2020,-14100000,4,48500000,6,4,0,0,25.8837116100274,3,2
430,2021,-7300000,6,2.9e+07,3,6,1,0.166666666666667,126.046836496837,4,1
458,2009,0,0,16600000,5,3,3,1,14.3166666666667,2,1
458,2010,5575000,4,32781000,14,5,4,0.8,80.1700150726466,3,2
458,2011,49100000,8,45780000,16,14,6,0.428571428571429,533.223155413558,9,6
458,2012,-2345000,5,22550000,9,9,3,0.333333333333333,161.805739315724,6,2
458,2014,13100000,3,19700000,9,3,3,1,40.0723463627875,2,1
458,2015,-33700000,5,12250000,9,5,0,0,165.853626003626,4,3
458,2016,12850000,6,8180000,6,6,0,0,128.899227891991,4,2
467,2009,0,0,2270000,2,1,1,1,0,0,0
467,2010,150000,1,0,0,1,1,1,0,0,0
467,2011,-1770000,1,0,0,3,0,0,7.27616959064327,2,0
467,2012,-3250000,1,3e+05,1,2,0,0,0,0,0
467,2013,-75000,1,8e+05,3,1,0,0,0,0,0
467,2015,-3050000,2,450000,2,2,0,0,24.0781781943547,1,1
467,2016,3e+05,1,975000,4,1,1,1,0,0,1
468,2009,0,0,50000,1,0,0,0,0,0,0
468,2017,-13750000,2,0,0,2,2,1,17.5464285714286,2,0
468,2019,-1625000,2,0,0,2,1,0.5,0,0,0
468,2020,-1e+05,2,1e+05,1,2,0,0,0,1,0
468,2021,5925000,2,0,0,2,0,0,62.2603174603175,2,0
472,2015,0,0,6400000,3,0,0,0,0,0,1
472,2016,0,0,2400000,2,0,0,0,0,0,0
472,2017,1.9e+07,2,350000,1,2,1,0.5,6.98383838383838,1,1
499,2009,2300000,1,0,0,2,2,1,179.617676767677,2,0
499,2010,6e+05,2,5800000,3,3,3,1,0,1,0
499,2011,0,1,2420000,3,1,1,1,117,1,1
499,2012,4250000,2,2550000,2,2,1,0.5,132.325322322605,2,1
499,2013,22950000,2,0,0,3,0,0,63.2608058608059,2,0
499,2014,0,0,5e+05,1,0,0,0,0,0,0
499,2015,1550000,2,1450000,3,2,0,0,42.6729288685171,2,0
499,2016,-3e+05,4,6e+05,1,4,0,0,0,1,0
499,2017,4025000,5,4450000,5,5,1,0.2,98.9685362056777,3,2
499,2018,-1900000,1,4140000,4,1,0,0,0,1,0
499,2019,4e+05,3,2500000,3,3,0,0,0,0,1
499,2021,0,0,1830000,1,0,0,0,0,0,0
506,2009,3300000,1,57300000,4,4,3,0.75,180.044141170147,2,4
506,2010,20800000,4,47300000,5,7,5,0.714285714285714,586.285869393764,6,4
506,2011,4650000,4,99330000,13,7,4,0.571428571428571,684.862966458207,6,10
506,2012,-26775000,5,71800000,8,7,4,0.571428571428571,171.434974190345,4,5
506,2013,1350000,8,45500000,13,11,2,0.181818181818182,292.577980395564,7,7
506,2014,12650000,6,57600000,15,8,2,0.25,322.643590631934,4,9
506,2015,23930000,7,180199000,14,7,0,0,352.465384275454,5,8
506,2016,41900000,11,155800000,6,12,0,0,335.451442199049,7,4
506,2017,42200000,18,159100000,11,18,5,0.277777777777778,582.558981054799,9,7
506,2018,52620000,10,259100000,7,10,2,0.2,251.904435841936,5,5
506,2019,36044000,13,223500000,6,13,2,0.153846153846154,371.063894944598,9,6
506,2020,57400000,5,108200000,4,5,2,0.4,355.218404461036,5,3
506,2021,-4.9e+07,2,23900000,3,2,0,0,69.9718364968365,2,1
512,2009,0,0,26050000,6,3,3,1,125.934523809524,2,2
512,2010,0,0,21100000,5,3,2,0.666666666666667,68.7094128094128,1,3
512,2011,-1e+05,1,24800000,3,3,2,0.666666666666667,0,0,1
512,2012,0,0,23680000,7,1,0,0,0,0,1
512,2013,0,0,6400000,2,0,0,0,10.0288461538462,0,2
512,2014,1500000,1,1800000,1,2,0,0,35.7451417536712,1,1
512,2015,9800000,2,53650000,5,3,0,0,199.752374790896,3,4
512,2016,2290000,1,36425000,6,1,0,0,20.9757936507937,1,2
512,2017,15740000,4,49300000,4,6,1,0.166666666666667,83.8902117073673,4,2
533,2009,0,0,16100000,3,1,1,1,0,0,1
533,2010,1.7e+07,2,22450000,7,6,4,0.666666666666667,247.155471794288,4,2
533,2011,0,0,4900000,7,2,1,0.5,71.8883458646617,1,2
533,2012,11400000,5,24900000,9,7,3,0.428571428571429,578.516933570833,5,4
533,2013,150000,2,9900000,5,3,0,0,7.99126984126984,1,2
533,2014,-25605000,7,19200000,7,7,0,0,350.61418648431,3,3
533,2015,-3875000,8,23400000,9,9,1,0.111111111111111,202.85580186135,5,2
533,2016,-6300000,7,27438000,7,7,0,0,136.498823763955,3,5
533,2017,-17700000,5,13700000,3,6,0,0,177.708153780774,4,3
533,2018,-550000,4,31500000,6,4,0,0,16.8603535353535,0,2
533,2019,43050000,8,5.5e+07,6,8,0,0,272.567068525094,5,2
533,2020,-8800000,3,3750000,2,3,0,0,181.29746031746,3,2
533,2021,-1e+06,1,0,0,1,0,0,0,1,0
543,2009,-70000,1,19200000,6,3,3,1,0,0,2
543,2010,685000,1,20215000,8,4,2,0.5,0,0,0
543,2011,55000,4,12050000,3,4,2,0.5,0,0,1
543,2018,15100000,6,108250000,9,6,4,0.666666666666667,301.357374711632,1,5
543,2019,3200000,2,116700000,7,2,1,0.5,131.130401813529,1,3
543,2020,10200000,3,84800000,5,3,0,0,330.657680185312,3,3
543,2021,3500000,3,26300000,4,3,1,0.333333333333333,127.696464646465,2,1
583,2009,-475000,2,15500000,4,5,5,1,180.309362859363,2,3
583,2010,6775000,1,9e+06,3,1,1,1,60.1956182706183,1,3
583,2011,6200000,3,107100000,11,4,3,0.75,759.63729340405,4,9
583,2012,1900000,1,1.51e+08,6,2,1,0.5,109.242379647207,1,4
583,2013,17500000,2,135900000,4,2,1,0.5,312.576080962381,2,4
583,2014,0,0,49500000,1,2,1,0.5,76.275,2,1
583,2015,-2.4e+07,1,116100000,5,3,0,0,376.556759274026,2,5
583,2016,18600000,4,134500000,6,4,0,0,417.665732332683,4,4
583,2017,48400000,5,2.38e+08,2,5,0,0,157.586607900304,4,2
583,2018,24500000,6,2.27e+08,4,6,0,0,218.647504129857,5,3
583,2019,-49400000,9,9.5e+07,4,9,0,0,324.331418089619,7,4
583,2020,-8e+05,1,57500000,3,1,0,0,37.3456135531136,0,3
583,2021,-3e+06,1,7.6e+07,2,1,0,0,262.392796092796,1,2
595,2012,-6575000,2,0,0,2,2,1,33.5845238095238,2,0
595,2013,1850000,1,1e+06,1,1,0,0,0,0,1
595,2014,-2500000,1,1e+05,1,1,1,1,0,1,0
595,2015,-5e+05,1,0,0,1,0,0,0,1,0
595,2016,-850000,4,250000,1,4,0,0,15.3683913308913,2,0
603,2013,-2660000,2,44015000,10,2,1,0.5,145.712208900939,0,5
603,2018,0,0,51200000,6,0,0,0,0,0,1
607,2021,-6e+05,1,15890000,5,1,1,1,0,0,1
610,2009,11100000,1,12300000,3,1,1,1,132.382323232323,1,1
610,2010,13600000,3,5e+06,1,3,3,1,114.843935231435,3,1
610,2011,6680000,2,13280000,5,3,2,0.666666666666667,505.208068174515,2,4
610,2012,18750000,6,5720000,3,8,5,0.625,498.126324133906,5,1
610,2013,-3e+06,1,6800000,2,4,1,0.25,267.939845782237,3,2
610,2014,11250000,7,12300000,5,7,4,0.571428571428571,449.663911629306,5,4
610,2015,5250000,2,11300000,3,2,0,0,101.742627695375,2,3
610,2016,23500000,10,43500000,4,10,0,0,286.928823800076,7,1
610,2017,20700000,5,26250000,7,5,0,0,158.101862391994,4,2
610,2018,-450000,2,52950000,5,2,0,0,211.15911392529,2,3
610,2019,3e+06,10,56700000,6,10,0,0,575.806518235675,8,3
610,2020,-3500000,5,63200000,5,5,0,0,446.363455433456,4,3
610,2021,-2.1e+07,5,18500000,3,5,0,0,166.761904761905,3,2
618,2009,11400000,1,18500000,5,3,3,1,150.011990134049,2,2
618,2010,8e+05,1,3925000,4,2,1,0.5,68.9202380952381,1,2
618,2011,18700000,5,15600000,9,6,4,0.666666666666667,257.140379722617,4,6
618,2012,3700000,2,4500000,2,2,0,0,0,1,0
618,2013,-22400000,4,15500000,4,4,0,0,442.999245985166,4,3
618,2014,0,0,4e+06,1,0,0,0,0,0,0
618,2015,-15050000,3,20300000,8,4,0,0,261.237578658012,4,3
618,2016,375000,3,7e+06,2,3,1,0.333333333333333,31.2897545265192,2,1
618,2017,-10300000,5,19300000,5,5,0,0,35.8760725190366,2,2
618,2018,9300000,5,1.5e+07,3,5,0,0,89.1101579706843,3,1
618,2019,10250000,5,1.3e+07,5,5,0,0,183.688783846872,2,4
618,2020,-10600000,5,4900000,2,5,0,0,68.7372294372294,3,0
621,2009,0,0,2350000,2,0,0,0,0,0,0
621,2010,0,0,2720000,2,0,0,0,0,0,0
621,2011,0,0,7500000,1,0,0,0,0,0,1
621,2012,35500000,1,2500000,1,1,1,1,19.4212883592679,1,1
621,2013,0,0,15400000,4,0,0,0,240.902380952381,0,4
621,2014,2.3e+07,1,1e+06,1,1,0,0,0,1,0
621,2015,0,0,1e+07,1,0,0,0,0,0,1
621,2017,2e+07,1,3.2e+07,1,1,0,0,2.48174603174603,1,1
621,2018,6.7e+07,1,32900000,5,1,0,0,33.0871628371628,1,3
621,2020,0,0,1.2e+07,1,0,0,0,0,0,1
630,2009,5e+06,1,5700000,4,2,1,0.5,78.938875013875,2,1
630,2010,-1.4e+07,1,0,0,2,1,0.5,0,1,0
630,2011,1600000,1,0,0,2,0,0,0,0,0
631,2009,550000,1,3e+07,3,2,2,1,116.67438084791,2,1
631,2010,5550000,3,121500000,6,4,4,1,99.4762321012321,2,2
631,2011,12360000,5,96450000,10,6,3,0.5,353.353534962629,4,3
631,2012,1.3e+07,1,109700000,8,2,0,0,555.282613013734,1,5
631,2013,-34770000,3,130350000,9,4,1,0.25,630.166046519289,4,5
631,2014,-18440000,4,137700000,6,7,1,0.142857142857143,528.341427866939,6,4
631,2015,21940000,6,89500000,8,7,2,0.285714285714286,310.619421717487,5,4
631,2016,-46500000,6,132800000,4,6,0,0,252.608243706011,4,4
631,2017,93100000,8,260500000,9,8,0,0,472.406348269591,7,7
631,2018,-2.1e+07,2,2.01e+08,3,2,0,0,106.958395577591,2,3
631,2019,108400000,6,4.5e+07,1,6,0,0,25.539534442166,4,1
631,2020,-17500000,3,247200000,5,3,0,0,533.424182571814,2,5
631,2021,-11700000,6,1.15e+08,1,6,0,0,318.098326673327,4,1
641,2016,9200000,4,47950000,8,4,3,0.75,71.8164802586474,0,5
642,2011,0,0,375000,3,0,0,0,0,0,0
642,2015,-250000,1,50000,1,1,1,1,0,1,0
648,2009,0,0,3e+05,1,0,0,0,0,0,0
667,2017,1500000,1,5400000,5,1,1,1,20.9127015957898,1,1
667,2018,1e+07,1,15750000,6,1,1,1,17.3407211209843,1,2
667,2019,5e+05,4,1.1e+07,5,4,1,0.25,31.2019143950745,2,1
667,2020,-3500000,1,1.2e+07,2,1,0,0,0,0,1
667,2021,-3500000,2,3e+06,2,2,0,0,122.277489177489,2,1
681,2010,0,0,4200000,3,0,0,0,10.5580447330447,0,2
681,2012,0,0,1.4e+07,1,1,0,0,34.5526052449965,1,1
681,2013,2.6e+07,1,6500000,2,1,0,0,41.8011904761905,1,2
681,2014,2200000,3,1.2e+07,2,3,2,0.666666666666667,167.150875727586,3,2
681,2015,0,0,23200000,3,0,0,0,0,0,1
681,2016,8900000,2,1.8e+07,3,2,0,0,29.1111735486736,1,2
681,2017,1.5e+07,3,25500000,3,3,0,0,47.4996186819716,2,3
681,2018,19300000,2,1.2e+07,1,2,1,0.5,5.19285714285714,1,1
681,2019,5e+06,1,29750000,4,1,0,0,8.66933621933622,1,2
681,2020,950000,3,1e+07,1,3,0,0,194.892135642136,3,1
681,2021,0,0,5e+05,1,0,0,0,0,0,0
714,2009,3250000,2,5e+06,2,4,3,0.75,115.914044289044,3,1
714,2010,9600000,2,10900000,4,4,2,0.5,27.7126068376068,2,2
714,2011,6350000,2,6500000,3,4,2,0.5,177.612354166302,3,2
714,2012,4050000,2,3350000,3,3,0,0,45.0775274418228,2,1
714,2013,8250000,3,750000,2,3,0,0,0,1,0
714,2014,-1500000,2,2200000,2,2,0,0,0,2,0
714,2015,-5300000,4,3150000,3,5,1,0.2,19.3807330363135,2,1
714,2016,-9e+05,2,18200000,6,2,0,0,106.304399251008,2,4
714,2017,-30500000,4,16550000,4,5,0,0,33.6041837103908,4,1
714,2018,-14900000,3,2e+07,3,3,0,0,78.1048243423243,2,2
714,2019,9500000,3,61500000,6,3,0,0,179.282799226917,3,4
714,2021,0,0,5500000,4,0,0,0,144.404761904762,0,3
720,2009,39250000,3,30230000,10,9,9,1,845.639267996079,6,4
720,2010,21800000,1,3.6e+07,7,6,6,1,130.635425685426,2,2
720,2011,37800000,1,44940000,7,2,0,0,57.4316239316239,1,1
720,2012,59425000,6,13070000,4,7,2,0.285714285714286,121.264939152919,2,2
720,2013,47500000,3,34700000,7,4,0,0,94.0301138189296,2,2
720,2014,71760000,5,49500000,9,6,2,0.333333333333333,520.559634491469,3,6
720,2015,43150000,8,4.4e+07,8,9,2,0.222222222222222,488.670978657279,6,6
720,2016,6733000,4,40650000,6,5,0,0,79.6182017655547,1,3
720,2017,-16700000,5,2.1e+07,2,5,0,0,174.048612116298,4,2
720,2018,5050000,9,40060000,11,9,0,0,680.716136641137,7,5
720,2019,11500000,5,63250000,8,5,0,0,286.025507151088,4,2
720,2020,8450000,7,20710000,4,7,0,0,567.304174991675,5,3
720,2021,0,2,23700000,4,2,0,0,312,2,3
749,2014,-342000,3,360000,1,3,3,1,0,1,0
749,2015,-2800000,2,5300000,3,2,2,1,11.5705738705739,1,2
749,2016,8e+06,1,7e+06,4,1,1,1,0,1,2
749,2018,11900000,5,13800000,6,5,2,0.4,3.86393606393606,1,2
749,2021,9e+05,5,9e+06,6,5,3,0.6,115.43455988456,3,3
750,2009,-1450000,2,7500000,4,3,3,1,69.8952436452437,2,1
750,2010,7e+05,1,3300000,2,2,2,1,37.0662448662449,2,0
750,2011,8825000,1,5250000,4,2,0,0,15.8040556665557,1,1
750,2012,14510000,3,7550000,4,4,2,0.5,459.780704967547,3,2
750,2013,1e+05,2,3150000,3,2,2,1,0,1,0
762,2010,4e+07,1,11480000,3,1,1,1,98.6207126207126,1,2
762,2011,880000,1,2.7e+07,6,4,4,1,332.090599398881,2,4
762,2012,-5e+05,1,31965000,9,3,2,0.666666666666667,430.466542213825,1,6
762,2013,70000,1,0,0,2,0,0,0,1,0
762,2014,13200000,3,43020000,7,3,0,0,293.289899098436,2,4
762,2015,1200000,3,106910000,8,4,0,0,132.373892728296,1,5
762,2017,-12590000,6,39300000,5,6,2,0.333333333333333,131.510895890315,3,4
762,2018,-80850000,6,56400000,6,6,1,0.166666666666667,177.616398951925,4,2
762,2019,11640000,2,67400000,3,2,0,0,83.1871723261109,2,3
762,2020,-925000,1,3.9e+07,3,1,1,1,0,0,0
762,2021,0,0,29400000,1,0,0,0,0,0,1
798,2014,-25000,1,0,0,1,1,1,0,0,0
798,2015,-225000,1,3e+05,1,1,1,1,0,0,0
798,2017,0,0,3e+05,1,0,0,0,0,0,0
798,2018,150000,1,0,0,1,0,0,0,1,0
800,2009,10930000,3,10500000,6,4,4,1,11.2802742579058,2,1
800,2011,5250000,2,1.4e+07,4,5,4,0.8,1.21646768264415,2,0
800,2012,10800000,2,16950000,8,3,1,0.333333333333333,129.84322431954,3,6
800,2013,4475000,3,11325000,9,3,3,1,28.0150500213581,2,2
800,2014,6600000,5,10670000,4,7,4,0.571428571428571,56.4813698728173,5,3
800,2015,19600000,8,23830000,11,8,3,0.375,275.233305615953,3,6
800,2016,10450000,5,13840000,6,5,1,0.2,163.415423808218,4,2
800,2017,-3695000,5,61370000,11,5,2,0.4,202.83789197532,3,6
800,2018,6875000,4,38800000,8,4,1,0.25,203.916488903254,1,3
800,2019,66800000,9,57650000,6,9,2,0.222222222222222,280.217693952355,6,3
800,2020,-14400000,6,55600000,6,6,0,0,736.262335529967,4,3
800,2021,-17400000,6,6.5e+07,5,6,0,0,667.372183372183,5,5
826,2009,-1500000,1,4950000,4,1,1,1,0,1,1
826,2010,4915000,2,0,0,3,2,0.666666666666667,0,1,0
826,2014,2500000,1,0,0,1,0,0,0,1,0
826,2020,0,0,1.9e+07,4,0,0,0,0,0,2
826,2021,-1500000,2,16100000,5,2,0,0,23.4380952380952,1,1
855,2013,6700000,1,1200000,2,1,1,1,0,1,0
855,2014,2150000,1,2400000,2,1,1,1,0,0,0
855,2015,5600000,1,1950000,2,1,0,0,0,1,0
855,2016,1e+06,1,0,0,1,0,0,0,1,0
855,2017,-1250000,3,1375000,3,3,1,0.333333333333333,31.0117063492063,2,1
855,2018,1e+06,1,3500000,2,1,0,0,7.23888888888889,1,1
862,2009,0,0,1900000,4,3,2,0.666666666666667,0,0,0
862,2010,75000,1,6100000,8,1,1,1,45.4952242202242,0,3
862,2011,750000,2,1.1e+07,10,6,2,0.333333333333333,117,3,3
862,2012,-1743000,5,10300000,4,5,2,0.4,0.642857142857143,2,2
862,2013,2575000,2,3400000,5,5,1,0.2,0.878210678210678,1,2
862,2014,-4160000,4,7350000,8,5,2,0.4,59.6059104572185,2,4
862,2015,8787000,5,5150000,4,5,2,0.4,17.745646020646,3,0
862,2016,5e+06,2,12572000,5,2,1,0.5,4.45861858729506,1,2
862,2017,1521000,10,2650000,6,10,3,0.3,18.0537119743002,2,1
862,2018,6200000,5,9250000,6,6,2,0.333333333333333,92.2639959713489,2,3
873,2013,0,0,3.3e+07,13,0,0,0,40.0972943722944,0,4
873,2014,-9530000,2,31220000,8,2,1,0.5,87.8857324538207,1,5
873,2015,0,0,28800000,3,1,1,1,28.486662846957,1,2
873,2016,35500000,3,9.8e+07,7,4,2,0.5,87.4309383852862,2,4
873,2017,1e+06,1,48950000,4,1,0,0,14.3351562730355,1,2
873,2018,0,0,10700000,1,0,0,0,0,0,1
873,2019,1.5e+07,1,6100000,2,1,0,0,8.7471361971362,1,1
873,2020,4e+06,1,18900000,2,1,0,0,0,1,0
873,2021,0,0,73440000,5,0,0,0,35.1654872904873,0,2
897,2009,125000,1,2e+06,1,2,2,1,50.7095598845599,1,1
897,2010,12100000,2,0,0,3,3,1,0,1,0
897,2014,0,0,2e+05,1,0,0,0,0,0,0
897,2015,0,0,8e+06,2,0,0,0,0,0,1
897,2016,17500000,1,7e+06,3,1,0,0,0,1,0
897,2017,4500000,2,9500000,4,2,0,0,59.3130101258391,1,3
931,2009,0,0,6930000,5,0,0,0,0,0,0
931,2010,-3800000,2,11050000,4,4,3,0.75,253.773917967997,2,4
931,2011,0,0,18130000,6,4,1,0.25,574.121750295628,1,4
931,2012,18100000,2,1e+07,3,6,3,0.5,164.334362859363,2,3
931,2013,2500000,1,26900000,5,1,0,0,0,0,2
931,2018,850000,2,115100000,8,2,1,0.5,77.9994408369408,1,3
931,2020,0,0,29550000,6,0,0,0,182.998124098124,0,4
940,2012,0,0,4150000,4,0,0,0,0,0,1
940,2013,1800000,1,6e+06,3,1,1,1,152.968315018315,1,3
940,2014,0,1,3900000,4,1,0,0,0,0,0
940,2015,-2400000,4,16300000,5,5,1,0.2,78.2184890900667,3,3
940,2016,17600000,2,8400000,4,2,0,0,0,1,0
940,2017,9e+06,2,26800000,5,2,0,0,20.6962780468585,2,1
940,2018,-11500000,8,29500000,5,8,0,0,193.209096867185,5,1
940,2019,-7050000,5,20900000,2,5,0,0,27.2951777929407,3,1
940,2020,-2e+06,1,3e+06,2,1,0,0,0,0,0
940,2021,8e+05,1,8e+06,2,1,0,0,87.4761904761905,1,1
969,2010,12400000,2,4300000,4,3,3,1,112.819821844822,2,1
969,2011,0,0,2e+06,1,1,0,0,0,1,0
969,2012,15750000,2,12500000,4,2,1,0.5,101.161985584748,2,2
969,2013,6500000,2,2500000,3,4,0,0,68.3424603174603,2,1
969,2014,5600000,2,4e+06,3,2,0,0,121.944888444888,2,1
969,2015,3400000,2,1775000,2,2,1,0.5,115.666666666667,2,1
969,2016,-1e+06,3,6400000,4,4,1,0.25,129.809632412651,4,0
969,2017,11450000,3,5700000,3,3,0,0,30.6216600942917,2,1
969,2018,-10300000,3,10150000,6,3,0,0,88.6894003055768,3,1
969,2019,3e+06,4,18800000,4,4,0,0,159.224021988952,2,3
969,2020,0,0,13100000,3,0,0,0,0,0,0
969,2021,-3e+06,2,0,0,2,0,0,27.1253968253968,2,0
979,2014,5e+05,1,0,0,1,1,1,0,0,0
979,2015,-2e+05,1,0,0,1,0,0,0,0,0
979,2017,1100000,3,0,0,3,0,0,11.8791666666667,2,0
979,2018,740000,1,0,0,2,0,0,0,1,0
979,2019,-750000,1,2e+06,2,1,0,0,0,1,0
979,2020,-3e+05,1,0,0,1,0,0,0,0,0
982,2009,4450000,1,8e+05,2,2,2,1,35.1789215686274,2,0
982,2010,0,0,1400000,2,0,0,0,0,0,0
982,2011,2450000,2,750000,1,2,2,1,117,1,1
982,2012,1350000,2,40000,1,2,0,0,0,1,0
982,2013,0,0,1300000,2,0,0,0,0,0,1
982,2014,-1010000,3,0,0,3,0,0,0,1,0
982,2015,180000,2,0,0,2,0,0,0,0,0
982,2016,-8800000,3,1e+05,1,3,0,0,0,1,0
982,2018,0,0,2700000,2,0,0,0,0,0,0
982,2020,1e+05,1,5e+05,1,1,0,0,0,0,0
984,2010,0,0,13830000,7,1,1,1,99.1861111111111,0,2
984,2011,3150000,2,8038000,4,5,4,0.8,10.2583083583084,1,1
984,2012,-6770000,1,5e+06,1,2,2,1,0,0,0
984,2013,7300000,1,12900000,2,2,0,0,29.3714580423391,2,2
984,2014,1950000,1,24880000,5,1,0,0,0,0,1
984,2015,10045000,3,42900000,5,4,1,0.25,35.317909541439,2,2
984,2016,2.1e+07,3,37900000,4,4,0,0,67.5921285392641,1,3
984,2017,0,0,49700000,6,1,0,0,97.7526897188254,0,5
984,2020,1e+05,2,40560000,6,2,0,0,156.590476190476,1,3
985,2009,54765000,4,27300000,3,5,5,1,234.265477215709,3,2
985,2010,15050000,3,29300000,4,3,3,1,55.5665618007723,1,2
985,2011,1500000,4,62300000,3,7,4,0.571428571428571,247.185583860584,4,3
985,2012,-550000,1,76450000,6,3,3,1,233.697811367377,2,3
985,2013,0,0,77130000,2,0,0,0,19.3969132316958,0,2
985,2014,-11200000,5,187750000,6,6,2,0.333333333333333,575.767415557152,5,5
985,2015,59770000,6,1.56e+08,5,7,3,0.428571428571429,277.670001913229,4,5
985,2016,-11350000,5,1.85e+08,3,5,0,0,158.871314511941,4,3
985,2017,15500000,2,198400000,4,2,0,0,40.3801273945797,2,4
985,2018,4250000,3,82700000,3,3,0,0,41.4333333333333,1,1
985,2019,-29820000,3,222800000,4,3,0,0,87.6249054866702,2,3
985,2020,7e+05,2,83800000,4,2,0,0,189.576822621823,2,3
985,2021,11100000,1,1.4e+08,3,1,0,0,100.953607503608,1,3
989,2015,0,0,53910000,7,1,1,1,29.3323060996974,0,3
989,2016,12450000,3,38340000,6,6,3,0.5,0,0,2
989,2017,0,0,34300000,2,0,0,0,0,0,1
989,2018,1.4e+07,3,89100000,5,3,0,0,235.218569094304,2,3
989,2019,-5300000,3,52210000,4,3,0,0,116,2,0
993,2014,0,0,250000,1,0,0,0,0,0,0
995,2013,0,0,3e+06,4,1,0,0,0,0,0
995,2014,0,0,420000,1,0,0,0,0,0,0
995,2015,-24700000,6,7e+06,5,7,4,0.571428571428571,206.311934075557,5,3
995,2016,245000,3,5e+06,4,3,1,0.333333333333333,115,0,2
995,2017,-6e+05,3,11300000,4,3,0,0,28.4552718775528,1,2
995,2018,1950000,2,14050000,5,3,0,0,140.724570690747,3,1
995,2019,-24800000,5,17950000,6,5,1,0.2,39.5177098076722,3,1
995,2020,-1e+06,2,5e+06,1,2,1,0.5,0,0,1
995,2021,-3900000,4,7500000,1,4,0,0,47.3500111000111,2,1
1003,2014,0,0,22860000,4,0,0,0,0,0,1
1003,2015,1e+06,2,49900000,7,2,1,0.5,64.0326375379007,0,5
1003,2016,-27650000,6,92100000,6,6,2,0.333333333333333,172.6036702174,4,2
1003,2017,39600000,3,81345000,7,3,0,0,67.5792944542558,2,3
1003,2018,44300000,3,114600000,7,3,1,0.333333333333333,231.866605118308,2,4
1003,2019,37700000,2,104300000,4,2,0,0,70.3770959432724,1,3
1003,2020,-1730000,3,5.5e+07,2,3,0,0,96.9,2,2
1003,2021,-8e+06,1,67600000,3,1,0,0,93.4515873015873,0,2
1005,2010,1075000,2,4250000,3,3,3,1,1.25,1,1
1005,2011,2800000,1,1050000,1,5,4,0.8,2.34848484848485,3,0
1005,2019,-1e+05,2,3900000,5,2,2,1,230,0,2
1010,2015,4720000,2,80800000,11,3,1,0.333333333333333,300.190764290687,0,8
1010,2016,42100000,6,69700000,9,8,0,0,325.363721248353,4,5
1010,2017,1100000,5,71400000,9,5,1,0.2,238.639585876607,3,4
1010,2018,-7460000,4,30100000,8,4,0,0,73.8818181818182,1,4
1010,2019,1e+07,3,48500000,4,3,0,0,26.3507331184151,2,2
1010,2021,-1450000,4,24800000,5,4,0,0,376.79087024087,3,3
1020,2009,3300000,2,8800000,3,8,7,0.875,132.97085706691,4,1
1025,2009,4875000,2,8950000,4,4,4,1,42.0055555555556,2,3
1025,2010,2700000,1,21560000,11,3,2,0.666666666666667,238.935704938337,3,5
1025,2011,3250000,3,20083000,12,6,3,0.5,110.992427043201,6,5
1025,2012,12700000,1,8685000,7,2,0,0,102.220174270174,2,3
1025,2013,15200000,4,6090000,5,5,2,0.4,0,2,2
1025,2015,-50000,2,22580000,10,2,0,0,101.722107854306,0,4
1025,2016,7e+05,2,31300000,11,3,0,0,52.4687941285767,2,4
1025,2017,0,0,1.3e+07,6,0,0,0,2.28730158730159,0,2
1025,2018,13131000,9,29800000,7,9,1,0.111111111111111,38.1264705882353,4,2
1025,2019,7100000,7,67045000,13,7,0,0,132.912899780388,4,3
1025,2020,2e+06,1,1972000,3,1,0,0,0,1,0
1025,2021,-1400000,1,26410000,5,1,0,0,200.7,1,2
1032,2012,-11100000,1,10820000,6,1,1,1,20.7459706959707,0,2
1038,2009,7425000,4,8500000,2,7,7,1,212.137678575295,5,2
1038,2010,4450000,1,24290000,9,3,3,1,52.1420246420246,2,4
1038,2012,5250000,2,17400000,7,2,0,0,8.8040404040404,2,1
1038,2013,-16050000,4,19600000,6,7,6,0.857142857142857,65.967840226509,6,3
1038,2014,14820000,6,22450000,7,8,4,0.5,166.302995044744,4,5
1038,2015,2320000,4,34670000,8,4,0,0,42.4960386838251,1,3
1038,2016,7332000,14,38150000,14,14,2,0.142857142857143,519.670966198404,11,5
1038,2017,-110640000,5,48750000,8,5,1,0.2,199.849567799068,4,5
1038,2018,18950000,4,48950000,8,4,0,0,195.303415203647,3,3
1038,2019,-3960000,10,63250000,8,10,2,0.2,326.842876150914,4,5
1038,2020,1e+06,2,15650000,7,2,0,0,222.181263181263,1,4
1038,2021,-3e+06,2,1.4e+07,3,2,0,0,146.137301587302,2,2
1039,2011,0,0,25610000,8,2,2,1,377.79408687288,1,6
1039,2012,335000,1,50350000,7,3,3,1,180.50687455819,0,4
1039,2014,20540000,3,40938000,7,4,0,0,174.493074703075,4,2
1041,2009,12300000,2,82700000,6,6,6,1,450.687668280006,4,4
1041,2010,0,0,2.8e+07,2,4,4,1,166.036063936064,3,2
1041,2011,-7e+06,1,4600000,3,2,2,1,26.4098706848707,2,1
1041,2012,13925000,5,8750000,3,6,2,0.333333333333333,344.4700216058,5,3
1041,2013,9800000,3,3e+06,2,4,0,0,82.9244152046784,2,2
1041,2014,-18500000,2,5650000,3,2,0,0,96.6011904761905,2,2
1041,2015,21475000,6,41100000,7,6,0,0,240.937038134761,5,4
1041,2016,21375000,3,28600000,3,3,0,0,39.8242809383599,3,1
1041,2017,73950000,6,59500000,8,6,0,0,322.423919559252,3,6
1041,2018,37100000,9,46450000,5,9,0,0,634.672870675076,8,2
1041,2019,11820000,8,1.22e+08,8,8,0,0,276.164249655646,5,3
1041,2020,-33300000,7,33250000,4,7,0,0,527.333670350118,6,2
1041,2021,-3500000,4,6e+06,1,4,0,0,200.684906759907,4,1
1049,2009,12500000,1,5e+06,1,2,2,1,109.759199572357,2,1
1049,2010,23750000,1,27550000,5,5,5,1,425.187295526111,5,3
1049,2011,27200000,3,3.2e+07,6,3,3,1,123.686562147862,2,3
1049,2012,9450000,3,23200000,5,5,2,0.4,333.261801998087,4,3
1049,2013,18700000,3,19970000,6,5,0,0,139.094841269841,2,2
1049,2014,5850000,8,55050000,5,9,1,0.111111111111111,482.854803139756,5,4
1049,2015,38300000,3,143500000,9,3,0,0,108.335460968564,3,5
1049,2016,42400000,5,3.4e+07,3,6,0,0,100.931911303351,5,1
1049,2017,50000,6,5.1e+07,5,6,0,0,100.52035407403,3,3
1049,2018,-9200000,6,126200000,9,6,0,0,557.240796866532,4,7
1049,2019,33300000,4,7.5e+07,6,4,0,0,130.945212131536,4,4
1049,2020,-19650000,5,0,0,5,0,0,131.109271284271,4,0
1049,2021,0,0,1.1e+07,2,0,0,0,0,0,1
1050,2009,3700000,1,22900000,3,3,3,1,27.2746864246864,1,1
1050,2010,6820000,3,4250000,2,6,5,0.833333333333333,47.0474109224109,2,1
1050,2011,22650000,3,31300000,6,3,2,0.666666666666667,315.781544990098,3,5
1050,2013,9700000,1,1.6e+07,5,1,0,0,0,1,0
1050,2014,6950000,3,17700000,4,3,0,0,98.2622562573879,2,3
1050,2015,-16240000,4,46200000,6,5,2,0.4,77.840728243205,2,4
1050,2016,37550000,4,55950000,7,5,0,0,159.919365667872,2,5
1050,2017,52500000,4,43500000,5,4,0,0,150.840974319359,1,5
1050,2018,-27200000,4,92900000,8,4,0,0,202.592799598063,2,6
1050,2019,15500000,8,43800000,5,8,0,0,109.261652123097,3,3
1050,2020,-5300000,5,35250000,6,5,0,0,366.500865800866,4,2
1050,2021,-3550000,5,54500000,4,5,0,0,424.416089466089,3,2
1071,2009,0,0,17750000,7,2,2,1,46.8370240870241,2,1
1071,2010,0,0,11400000,5,2,1,0.5,47.8175019425019,1,2
1071,2011,0,0,12380000,4,2,1,0.5,38.3586080586081,2,1
1071,2012,5e+06,1,10435000,3,2,0,0,62.2865079365079,1,2
1075,2009,2950000,1,250000,2,4,4,1,216.652149647738,3,1
1075,2010,9e+05,1,8e+05,4,3,3,1,201.334204099994,2,3
1075,2011,12340000,3,5288000,6,3,2,0.666666666666667,287.203968253968,2,4
1075,2012,-1e+06,1,850000,2,3,1,0.333333333333333,115,1,1
1075,2013,5125000,2,4676000,5,3,1,0.333333333333333,15.6484362114158,2,1
1075,2014,-50000,1,17900000,5,1,0,0,30.3151487401487,0,2
1075,2015,16700000,3,4100000,8,4,0,0,32.0707303807304,2,2
1075,2016,-4e+06,5,8120000,6,5,0,0,205.676730487472,3,2
1075,2017,5530000,5,5796000,5,5,0,0,137.468981835158,2,1
1075,2018,10800000,3,7010000,4,3,0,0,17.3456099456099,2,1
1075,2019,-12750000,6,5500000,4,6,0,0,240.5432113638,2,3
1075,2020,1e+07,4,1.1e+07,2,4,0,0,26.4233044733045,2,1
1075,2021,-8790000,6,4100000,4,6,0,0,221.558080808081,2,2
1082,2009,0,0,8600000,3,2,2,1,168.19425019425,1,3
1082,2010,0,0,0,0,2,2,1,0,1,0
1082,2011,26150000,3,23200000,7,7,5,0.714285714285714,464.80685285217,5,4
1082,2012,15200000,2,22500000,6,2,2,1,316.032178932179,2,3
1082,2013,-12300000,4,2950000,2,4,1,0.25,173.198244707649,2,1
1082,2014,6630000,3,7800000,3,3,0,0,10.0496753246753,3,0
1082,2015,2925000,6,12900000,8,6,0,0,172.04928151058,4,5
1082,2016,-19200000,7,20500000,5,7,0,0,222.198889984322,5,3
1082,2017,6500000,5,76500000,10,5,0,0,183.431705891035,4,3
1082,2018,12800000,10,8900000,3,10,0,0,219.22978645022,7,1
1082,2019,59800000,6,9.9e+07,11,6,0,0,560.930992834279,5,5
1082,2020,9250000,3,40300000,4,3,0,0,32.4011904761905,2,1
1082,2021,-21690000,7,1.3e+07,2,7,0,0,348.223015873016,5,1
1084,2009,0,0,1600000,2,1,1,1,26.2169413919414,1,1
1084,2010,0,0,25045000,12,0,0,0,113.70463980464,0,4
1084,2011,0,0,59250000,8,0,0,0,143.964964537526,0,6
1084,2012,31500000,5,0,0,6,1,0.166666666666667,105.335095704949,4,0
1084,2013,15400000,4,4630000,7,5,0,0,161.687554112554,3,2
1084,2014,1.4e+07,3,5e+05,1,5,1,0.2,118.836133311133,3,1
1084,2015,20225000,6,7700000,4,8,0,0,80.7836293390705,5,1
1084,2016,0,0,12100000,5,0,0,0,27.8594634897267,0,3
1084,2017,-5500000,3,10500000,5,4,0,0,86.3416460790522,4,0
1085,2009,0,0,6e+05,1,0,0,0,0,0,1
1085,2011,-1120000,1,0,0,1,0,0,0,0,0
1085,2013,-5950000,1,50000,1,1,0,0,0,1,0
1085,2014,-13800000,2,0,0,2,0,0,3.16666666666667,2,0
1085,2015,5e+05,1,0,0,1,0,0,0,1,0
1085,2016,-3675000,2,0,0,2,0,0,339,2,0
1085,2017,-4300000,3,0,0,3,0,0,0,1,0
1085,2018,-4e+05,3,0,0,3,0,0,0,1,0
1085,2019,-5e+05,1,1e+06,1,1,0,0,0,1,0
1090,2009,2600000,1,6e+06,3,3,3,1,51.8434343434344,1,1
1090,2010,7625000,3,3100000,4,5,4,0.8,39.4455183705184,4,0
1090,2011,6850000,4,4600000,3,6,4,0.666666666666667,337.478705066863,4,2
1090,2012,3900000,3,4950000,6,4,1,0.25,387.684162072093,3,3
1090,2013,13200000,2,4750000,3,3,1,0.333333333333333,211.661621973658,2,3
1090,2014,8e+05,1,1500000,3,2,0,0,20.3911838161838,2,0
1090,2015,-7900000,4,4700000,5,5,0,0,339.489133273847,4,3
1090,2016,2.2e+07,2,4350000,3,2,0,0,115,2,1
1090,2017,7100000,3,5700000,3,3,0,0,81.1823762590505,3,1
1090,2018,-6e+06,3,6800000,5,3,0,0,241.902075702076,3,3
1090,2019,13350000,3,6500000,3,3,0,0,0,0,1
1090,2020,4550000,2,2600000,1,2,0,0,0,1,0
1090,2021,-2500000,4,6950000,4,4,0,0,442.829256854257,4,2
1095,2012,-5150000,2,5e+05,1,3,3,1,0,1,0
1095,2015,7e+05,3,3e+05,1,3,3,1,35.1587301587302,2,0
1095,2021,0,0,17100000,6,0,0,0,39.4428571428571,0,2
1108,2016,0,0,5580000,3,0,0,0,0,0,0
1108,2017,0,2,12330000,6,2,0,0,64.939698746386,1,4
1108,2018,6700000,2,1e+07,4,2,0,0,10.4592352092352,2,1
1108,2019,5500000,2,10770000,5,2,0,0,19.4560271427918,1,2
1108,2020,-5200000,2,0,0,2,0,0,0,1,0
1108,2021,-2800000,2,1150000,1,2,0,0,0,0,0
1110,2017,-345000,3,56750000,9,3,3,1,48.9735490653138,1,3
1110,2018,9700000,1,48200000,7,2,1,0.5,64.2105921855922,0,3
1123,2011,0,0,15250000,7,2,2,1,3.36111111111111,0,2
1123,2012,0,0,11080000,6,1,1,1,107.805194805195,0,3
1123,2013,-1420000,3,28500000,6,6,2,0.333333333333333,114.944533095492,1,3
1123,2015,18840000,4,48700000,8,4,1,0.25,69.4649331132068,1,4
1123,2019,-2300000,3,5815000,4,3,2,0.666666666666667,88.3843253968254,1,2
1123,2021,3400000,1,60150000,7,1,0,0,83.4944805194805,1,3
1132,2009,-260000,1,13540000,8,1,1,1,0,0,1
1132,2014,0,0,12620000,6,0,0,0,11.149570984571,0,2
1132,2016,0,1,45600000,6,1,0,0,0,0,0
1132,2017,20500000,3,35740000,6,3,2,0.666666666666667,46.4051851210365,2,4
1132,2018,6500000,1,3.3e+07,3,1,1,1,0,0,1
1132,2019,9550000,2,23850000,4,2,1,0.5,0,1,0
1132,2020,0,0,1100000,1,0,0,0,0,0,1
1132,2021,2300000,1,31900000,3,1,0,0,4.48333333333333,1,1
1147,2011,0,0,2e+05,1,0,0,0,0,0,0
1147,2012,0,0,0,0,1,1,1,0,0,0
1148,2021,0,0,37200000,4,0,0,0,0,0,1
1158,2009,0,0,7e+06,5,4,4,1,62.4206321456322,3,1
1158,2010,9e+06,1,6e+06,4,2,1,0.5,17.8083333333333,1,1
1158,2011,10100000,2,11100000,6,3,2,0.666666666666667,79.2916666666666,3,0
1158,2012,4600000,2,1e+07,3,2,0,0,57.8538738149722,2,1
1158,2013,-1300000,2,3e+06,2,3,0,0,68.3174603174603,2,1
1158,2014,6800000,3,8450000,4,4,0,0,80.7420634920635,1,1
1158,2015,9800000,2,9930000,5,2,0,0,127.192784992785,2,2
1158,2016,-10575000,3,8600000,6,3,0,0,180.775432608327,2,5
1158,2020,-13500000,1,26500000,6,1,1,1,0,1,1
1158,2021,0,1,6e+06,2,1,0,0,0,1,0
1159,2009,0,0,5700000,4,2,2,1,0,0,1
1159,2010,7425000,2,0,0,2,2,1,0,1,0
1159,2011,5e+05,1,5200000,4,5,5,1,0,2,0
1159,2012,3675000,2,4700000,4,2,0,0,114.614561766736,2,2
1159,2016,-10100000,3,2e+06,2,3,3,1,31.9939976689977,3,0
1160,2018,0,0,3150000,2,0,0,0,0,0,1
1160,2019,-7e+06,5,9850000,7,5,4,0.8,21.4521019013666,3,0
1160,2020,3e+05,2,11250000,7,2,0,0,38.6047619047619,1,2
1162,2010,0,0,4200000,2,0,0,0,0,0,0
1162,2011,5650000,2,3e+05,1,3,3,1,0,0,0
1162,2014,0,0,8e+05,2,0,0,0,0,0,1
1162,2015,-81350000,3,6050000,6,3,2,0.666666666666667,34.3364089069971,3,2
1162,2016,-3800000,2,4250000,3,2,0,0,13.7540726817043,0,2
1162,2017,3e+06,1,6950000,6,1,0,0,17.0954827339479,1,2
1162,2018,1e+06,3,9950000,6,3,0,0,295.02587355455,1,5
1164,2009,8600000,2,2633000,3,2,2,1,143.715909090909,2,1
1181,2010,0,0,5425000,5,1,1,1,0,0,1
1210,2009,7300000,2,1470000,5,2,2,1,24.5272317007611,1,1
1210,2013,3e+05,3,2070000,3,3,3,1,0,0,1
1237,2017,3e+05,1,66500000,11,1,1,1,36.9270572255402,0,3
1237,2018,-13600000,6,87220000,14,6,5,0.833333333333333,196.577563286387,0,5
1237,2019,-4100000,3,74940000,6,3,1,0.333333333333333,0,1,0
1237,2020,4400000,4,28500000,6,4,2,0.5,209.095454545455,3,1
1237,2021,13500000,4,55700000,5,4,0,0,211.27619047619,2,2
1244,2016,-3800000,1,4900000,4,1,1,1,10.6610028860029,1,1
1244,2017,-170000,1,6100000,3,1,0,0,0,0,1
1244,2018,16600000,2,15800000,6,2,0,0,59.4234126984127,2,0
1244,2019,-16450000,6,16400000,6,6,1,0.166666666666667,43.8881453963353,3,2
1268,2009,0,0,2e+05,1,0,0,0,0,0,0
1268,2010,0,0,0,0,1,0,0,0,0,0
1268,2011,350000,1,175000,1,2,2,1,12,2,0
1268,2012,-4750000,2,468000,2,3,1,0.333333333333333,157.058926161558,2,1
1268,2013,0,0,1e+05,1,0,0,0,0,0,0
1268,2014,-50000,2,0,0,2,0,0,0,1,0
1268,2015,1050000,2,0,0,2,0,0,0,1,0
1268,2016,650000,1,2e+05,1,1,0,0,7.42665477797057,1,1
1268,2017,-57000,1,0,0,1,0,0,0,0,0
1268,2018,1800000,1,0,0,1,0,0,0,1,0
1268,2019,3e+05,2,0,0,2,0,0,0,0,0
1268,2020,-1e+05,1,0,0,1,0,0,0,0,0
1269,2012,0,0,75000,1,0,0,0,0,0,0
1269,2013,-1e+05,1,635000,3,1,0,0,27.0519591519592,1,1
1269,2014,-2550000,2,5e+05,1,3,1,0.333333333333333,64.7036525754947,3,1
1269,2015,2350000,4,0,0,4,1,0.25,20.940873015873,2,0
1269,2016,0,0,6e+05,2,0,0,0,115,0,2
1269,2018,-250000,2,2175000,5,2,0,0,272.035411810412,2,3
1269,2019,2e+05,3,1350000,3,3,0,0,112.447535226212,2,1
1269,2020,-1500000,2,0,0,2,0,0,0,1,0
1283,2018,0,0,50000,1,0,0,0,0,0,0
1283,2019,-1979000,3,5e+05,1,3,1,0.333333333333333,0,1,0
1283,2020,-25000,1,350000,1,1,0,0,0,0,0
1290,2009,0,0,3600000,5,0,0,0,0,0,2
1301,2009,175000,1,0,0,1,1,1,0,0,0
1301,2010,0,0,0,0,1,1,1,0,0,0
1301,2011,3625000,2,0,0,2,2,1,0,2,0
1301,2012,0,0,0,0,2,0,0,0,0,0
1301,2013,1800000,2,150000,1,2,0,0,21.7095238095238,1,1
1301,2014,3425000,2,475000,2,2,0,0,0,1,0
1301,2015,-24300000,4,0,0,4,0,0,0,1,0
1301,2017,-5454000,3,50000,1,3,0,0,0,1,0
1301,2019,0,0,250000,1,0,0,0,0,0,0
1301,2020,6e+05,1,0,0,1,0,0,0,0,0
1304,2009,-1e+05,1,0,0,2,2,1,31.9833333333333,2,0
1304,2010,-750000,1,0,0,1,1,1,0,1,0
1304,2011,1350000,1,3e+05,1,1,0,0,0,1,0
1304,2012,-2e+05,1,320000,2,2,1,0.5,72.1969973009447,1,1
1304,2013,2850000,1,3e+05,1,1,0,0,0,1,0
1304,2015,-1850000,2,3e+05,2,2,0,0,85.0378698771652,2,1
1304,2016,-2.6e+07,3,5e+05,1,3,0,0,0,1,0
1304,2017,-31830000,4,7e+05,2,4,0,0,36.0775799421541,3,0
1304,2018,0,1,4e+05,2,1,0,0,0,0,0
1304,2019,-1250000,4,0,0,4,0,0,12.1269841269841,2,0
1304,2020,1200000,2,1060000,3,2,0,0,0,0,1
1304,2021,0,0,250000,2,0,0,0,0,0,0
1387,2009,0,0,17100000,9,5,5,1,95.6207683584619,4,5
1387,2011,1825000,2,11780000,8,2,1,0.5,229.545291593511,1,4
1387,2012,12150000,3,10920000,7,8,4,0.5,236.188181099946,6,4
1390,2009,0,0,12300000,5,1,1,1,9.2,0,2
1390,2010,3482000,4,6300000,3,6,2,0.333333333333333,49.020646020646,2,1
1390,2011,5e+06,1,5510000,4,4,4,1,92.076020058373,4,2
1390,2012,2475000,2,11300000,6,2,1,0.5,15.2549189372719,1,3
1390,2013,3351000,3,1500000,2,3,0,0,0,1,0
1390,2014,10975000,3,17400000,9,4,0,0,78.9381494812377,3,5
1390,2016,3200000,2,9240000,4,3,1,0.333333333333333,15.5838087033739,2,1
1390,2017,11475000,6,31090000,10,8,1,0.125,69.1264067462961,4,4
1390,2018,1810000,6,21895000,7,6,1,0.166666666666667,62.7038912068324,3,2
1390,2019,710000,4,3.6e+07,6,4,3,0.75,2.14444444444444,0,2
1390,2020,-30800000,4,31300000,4,4,0,0,35.9988059163059,3,3
1390,2021,-2200000,2,1.4e+07,3,2,0,0,65.4285714285714,0,2
1416,2017,2500000,1,6630000,4,1,1,1,5.77777777777778,0,2
1416,2018,-35850000,3,6990000,3,3,3,1,53.4172161172161,3,0
1416,2019,935000,2,17650000,8,2,1,0.5,68.1334033613445,1,3
1420,2015,1250000,2,0,0,4,3,0.75,0,0,0
1420,2016,-5750000,2,5200000,6,2,1,0.5,11.7373737373737,1,1
1420,2017,-21900000,3,12400000,5,3,0,0,0,1,2
1420,2018,3500000,2,4450000,5,2,0,0,64.0435647685648,2,2
1420,2019,9e+06,2,10400000,5,2,0,0,33.0568696307572,2,1
1420,2020,-5800000,2,11250000,4,2,0,0,201.40847041847,2,2
1420,2021,-6900000,1,0,0,1,0,0,0,1,0
1421,2012,0,0,3350000,4,0,0,0,0,0,1
1421,2013,0,0,3130000,4,0,0,0,24.4383458646616,0,2
1421,2014,-7500000,1,0,0,1,0,0,0,1,0
1421,2015,1200000,1,2400000,2,1,0,0,0,1,0
1421,2018,5e+06,2,15500000,5,2,0,0,122.778571428571,1,2
1421,2019,-14400000,4,17700000,5,4,2,0.5,84.6300059497626,3,0
1421,2020,-8e+06,2,11200000,4,2,1,0.5,115.585697957014,2,2
1421,2021,-2e+06,1,6e+06,2,1,0,0,140.705555555556,1,2
1423,2009,0,0,5450000,5,1,1,1,0,0,0
1423,2010,0,0,1800000,2,3,2,0.666666666666667,99.8068681318682,3,1
1423,2011,-1300000,1,4100000,4,2,1,0.5,0,1,0
1423,2012,8e+05,1,3600000,4,2,0,0,115,1,1
1423,2013,4200000,2,1200000,2,3,1,0.333333333333333,33.7396825396825,2,0
1426,2009,5500000,1,1e+05,1,1,1,1,0,0,0
1426,2011,0,1,2e+05,1,1,0,0,0,0,0
1426,2012,-4e+05,1,4e+05,1,1,0,0,46.7464646464646,1,1
1426,2018,-250000,2,0,0,2,2,1,0,1,0
1426,2019,0,1,5e+05,1,1,0,0,0,0,0
1426,2020,1e+05,1,2e+05,1,1,0,0,0,0,0
1429,2010,-3e+05,1,4835000,5,4,3,0.75,26.2051587301587,1,1
1429,2011,3700000,1,9470000,5,2,1,0.5,13.0428870965636,2,2
1429,2014,7800000,5,9850000,11,7,6,0.857142857142857,1.03968253968254,1,4
1435,2014,-40000,1,0,0,1,1,1,0,1,0
1435,2016,-25000,1,0,0,1,0,0,0,1,0
1435,2021,2e+05,2,0,0,2,2,1,32.352380952381,2,0
1436,2011,-25000,1,0,0,3,2,0.666666666666667,30.2466422466422,2,0
1436,2012,2e+05,2,0,0,2,1,0.5,0,1,0
1465,2013,6e+05,4,380000,2,4,0,0,13.4075396825397,2,0
1465,2014,-14545000,3,0,0,5,0,0,15.3407997996156,2,0
1465,2015,-950000,2,4e+05,1,2,0,0,0,0,0
1465,2016,-39300000,3,280000,2,3,0,0,228,1,1
1465,2017,4950000,4,975000,6,4,0,0,15.6332463288346,2,0
1465,2021,5e+05,1,0,0,1,1,1,0,0,0
1531,2013,0,0,2230000,3,0,0,0,0,0,0
1531,2014,5700000,1,0,0,1,0,0,0,1,0
1531,2020,-3400000,3,5600000,3,3,2,0.666666666666667,0,1,0
1531,2021,0,0,7200000,3,0,0,0,0,0,1
1533,2014,2e+05,1,162000,2,1,1,1,0,0,0
1533,2015,0,0,3500000,3,0,0,0,0,0,1
1533,2016,4400000,1,8600000,6,1,0,0,181.848269291768,1,5
1533,2017,7e+06,1,9850000,5,1,0,0,42.7970776729291,1,3
1533,2018,-250000,3,8e+06,3,3,1,0.333333333333333,143.349417249417,3,2
1533,2019,-2.8e+07,4,17300000,6,4,0,0,81.5944154027274,4,2
1533,2020,0,0,2e+06,1,0,0,0,0,0,0
1627,2009,0,0,21500000,9,2,2,1,9.24243764491443,1,2
1627,2010,2250000,1,4200000,5,4,4,1,47.8885031635032,3,0
1627,2011,10250000,2,4140000,4,4,4,1,45.909029141653,2,3
1627,2012,0,0,9030000,6,1,0,0,0,0,1
1627,2013,-2120000,6,7370000,3,8,3,0.375,153.555910609858,2,1
2288,2011,135000,1,12350000,8,2,2,1,35.9626538494186,0,3
2288,2012,23300000,2,20370000,5,3,1,0.333333333333333,254.444646238956,3,3
2288,2013,0,0,25412000,5,0,0,0,215.963095238095,0,4
2288,2014,32450000,3,41530000,8,5,0,0,119.087037173353,2,3
2288,2015,3655000,2,21810000,6,2,1,0.5,87.9790611491379,1,4
2288,2016,30800000,3,58100000,9,4,1,0.25,313.965743223065,4,5
2288,2017,68400000,6,64885000,5,6,0,0,124.656647113207,3,3
2420,2009,0,0,550000,2,2,2,1,13.2678571428571,2,0
2420,2010,8e+06,1,1050000,3,5,3,0.6,17.7903762903763,2,0
2420,2011,-120000,1,1200000,2,2,1,0.5,0,0,0
2420,2012,225000,1,0,0,1,0,0,0,0,0
2420,2013,-28350000,4,5e+05,1,4,0,0,0,0,0
2420,2014,1500000,5,0,0,5,0,0,17.4480158730159,2,0
2420,2015,1e+06,2,2e+06,2,2,0,0,0,2,1
2420,2016,-850000,4,1e+06,2,4,0,0,39.1446886446886,3,0
2420,2017,4900000,3,7900000,5,3,0,0,55.149519777608,2,1
2420,2018,-26100000,5,3180000,4,5,0,0,592.923469658996,3,4
2420,2019,-21100000,2,8e+05,2,2,0,0,0,1,0
2420,2020,-3400000,4,2950000,4,4,0,0,413.961897546898,1,3
2420,2021,0,0,2700000,2,0,0,0,0,0,1
2423,2018,-1e+05,1,150000,1,1,1,1,0,1,0
2423,2019,1200000,1,0,0,1,0,0,0,0,0
2423,2020,-1500000,2,0,0,2,0,0,0,1,0
2423,2021,-3e+05,3,720000,2,3,0,0,0,1,0
2424,2011,-3400000,2,0,0,2,2,1,0,1,0
2424,2013,-50000,1,0,0,1,0,0,0,0,0
2424,2019,-1750000,1,80000,1,1,1,1,0,1,0
2424,2021,-5e+05,1,0,0,1,0,0,0,0,0
2425,2009,5e+05,1,0,0,1,1,1,0,1,0
2425,2010,0,1,0,0,2,2,1,45.7533253296411,2,0
2425,2011,0,0,0,0,1,0,0,0,0,0
2425,2012,5e+05,1,3100000,3,1,0,0,0,0,1
2425,2013,2e+05,1,70000,1,1,0,0,0,0,0
2425,2014,0,0,2e+05,1,0,0,0,0,0,0
2425,2015,-108850000,6,8e+05,1,6,0,0,46.8230432530433,4,0
2425,2016,5e+05,2,0,0,2,0,0,26.6178916843391,2,0
2425,2017,2080000,4,8e+05,1,4,0,0,26.9990079365079,2,0
2425,2018,4900000,2,5e+05,1,2,0,0,37.3884920634921,2,0
2425,2019,3e+06,1,2e+06,2,1,0,0,6.66024531024531,1,1
2425,2020,-13320000,3,0,0,3,0,0,29.2062770562771,2,0
2448,2009,0,0,1400000,3,1,1,1,45.6167138417139,1,2
2448,2010,0,0,8e+05,1,0,0,0,0,0,0
2448,2011,3e+06,1,1500000,2,1,0,0,24.176059466849,1,1
2448,2016,0,0,5e+05,2,0,0,0,0,0,0
2457,2019,-4e+06,1,0,0,1,0,0,0,1,0
2457,2021,-1500000,2,50000,1,2,0,0,0,1,0
2503,2015,130000,2,0,0,2,0,0,0,0,0
2503,2016,1070000,2,0,0,2,1,0.5,4.27051282051282,2,0
2503,2017,2e+05,1,0,0,1,0,0,0,0,0
2503,2018,-1650000,3,4e+05,1,3,0,0,0,1,0
2503,2019,2850000,2,0,0,2,0,0,0,0,0
2503,2020,-5500000,1,4e+06,3,1,0,0,0,1,0
2503,2021,0,1,7880000,4,1,0,0,0,0,1
2639,2009,0,0,350000,2,0,0,0,0,0,0
2639,2010,1750000,1,0,0,2,2,1,0,0,0
2639,2011,-4100000,2,0,0,2,0,0,0,1,0
2687,2020,0,0,9400000,5,0,0,0,0,0,1
2687,2021,0,0,6600000,4,0,0,0,0,0,0
2722,2017,150000,1,6085000,10,1,1,1,30.2058122433123,0,4
2722,2018,250000,2,18900000,7,2,1,0.5,29.2426220837986,0,3
2722,2019,-4800000,5,25750000,6,5,1,0.2,130.694575114428,3,3
2921,2012,-43400000,2,16380000,11,4,4,1,39.1273892773893,1,3
2921,2016,8270000,4,13650000,10,4,2,0.5,88.8311166559618,3,7
2969,2011,0,0,5850000,7,0,0,0,0,0,2
2969,2016,-1750000,1,3150000,4,1,1,1,41.4246031746032,1,1
2969,2017,4900000,3,5500000,4,3,3,1,51.1441680383759,2,2
2969,2018,2500000,1,9200000,4,1,0,0,10.446918767507,1,1
2969,2019,2500000,6,1e+07,7,6,0,0,221.233626187642,3,2
2969,2020,-1500000,4,15800000,6,4,1,0.25,21.3440476190476,2,0
2990,2009,0,0,0,0,1,1,1,0,0,0
2990,2010,0,0,0,0,1,0,0,0,1,0
2990,2011,1150000,2,0,0,3,2,0.666666666666667,0,1,0
2990,2013,850000,2,150000,1,3,1,0.333333333333333,0,1,0
2995,2009,0,0,0,0,1,1,1,0,0,0
2995,2010,0,0,65000,1,0,0,0,0,0,0
2995,2011,550000,1,2e+05,1,1,0,0,0,1,0
2995,2012,1800000,1,0,0,1,0,0,0,1,0
2995,2013,-50000,3,125000,1,3,0,0,31.4955266955267,3,0
2995,2015,-18750000,4,0,0,4,0,0,35.0928515928516,3,0
2995,2016,-3.8e+07,1,0,0,1,0,0,0,1,0
2995,2017,150000,1,0,0,1,0,0,0,0,0
2995,2019,3e+05,1,50000,1,1,0,0,0,0,0
2995,2020,-1e+06,1,2600000,2,1,0,0,0,0,0
3008,2009,0,0,14150000,5,2,2,1,55.2652753679069,2,3
3008,2013,480000,1,30600000,7,1,1,1,174.114752276709,0,5
3008,2014,13700000,1,48217000,10,2,0,0,241.033151794885,2,3
3008,2016,23700000,3,37700000,7,3,0,0,190.691103210515,2,5
3302,2009,3800000,1,5200000,2,2,2,1,0,2,0
3302,2010,0,0,3200000,3,1,1,1,0,1,0
3302,2013,6e+05,1,0,0,1,1,1,0,1,0
3302,2014,1e+06,1,0,0,1,1,1,0,1,0
3325,2016,1220000,3,50000,1,3,1,0.333333333333333,0,1,0
3325,2017,0,0,1250000,3,0,0,0,0,0,0
3325,2018,-1.1e+07,3,1050000,2,3,0,0,118,1,1
3329,2019,0,0,1300000,1,0,0,0,0,0,0
3329,2020,-21300000,2,6e+06,4,2,0,0,148.097258297258,2,1
3329,2021,5e+05,2,2700000,2,2,1,0.5,170.996464646465,1,1
3336,2018,-7e+05,2,0,0,2,1,0.5,0,1,0
3336,2019,-2500000,1,0,0,1,0,0,0,0,0
3345,2009,2e+05,1,50000,1,2,2,1,65.8560966810967,2,0
3349,2011,0,0,0,0,1,1,1,0,1,0
3349,2017,5e+05,1,0,0,1,0,0,0,1,0
3349,2018,4e+06,1,2e+05,1,1,1,1,0,0,0
3368,2011,3500000,1,1400000,3,2,0,0,13.0766233766234,0,2
3368,2012,7590000,3,650000,3,3,0,0,64.5480158730159,2,1
3368,2013,420000,2,3e+05,1,2,1,0.5,42.4047619047619,2,0
3368,2014,-2e+06,1,8e+05,2,1,0,0,0,1,1
3368,2015,0,0,6250000,4,0,0,0,0,0,0
3368,2017,8450000,4,9e+06,7,4,1,0.25,78.3891801009448,1,3
3368,2018,23150000,2,24700000,7,2,1,0.5,56.0046318877201,1,2
3368,2019,7e+05,6,12600000,3,6,2,0.333333333333333,47.2158556454912,4,2
3368,2020,-4e+06,1,4e+06,2,1,0,0,112,1,1
3368,2021,0,0,1250000,2,0,0,0,85.7454545454545,0,2
3522,2020,-4310000,3,3700000,2,3,3,1,156.8,2,1
3522,2021,-975000,3,23500000,13,3,0,0,0,2,1
3709,2009,0,0,12250000,5,2,2,1,162.268928783635,2,4
3709,2010,1.8e+07,2,3900000,2,4,3,0.75,153.880555555556,3,0
3709,2011,-50000,2,3e+06,1,5,3,0.6,78.4133499970961,4,0
3709,2012,0,0,5500000,3,2,1,0.5,172.00260995716,2,3
3709,2013,12400000,3,1e+07,3,4,0,0,137.470068308884,1,2
3709,2014,4850000,1,0,0,2,0,0,0,1,0
3709,2015,5e+05,1,0,0,2,0,0,0,1,0
3709,2017,7e+05,1,12400000,9,1,0,0,7.02572233322233,0,2
3709,2018,-33800000,2,27250000,7,3,0,0,135.89368172677,2,3
3709,2019,7500000,2,21500000,6,2,0,0,2.44444444444444,2,1
3709,2020,4450000,5,20800000,2,5,0,0,324.319004329004,3,2
3709,2021,-3e+06,2,14500000,4,2,0,0,411.911904761905,2,3
3911,2010,0,0,3800000,7,0,0,0,0,0,1
3911,2011,7200000,1,2500000,4,1,0,0,5.21634199134199,1,1
3911,2012,1250000,2,2450000,2,2,0,0,23.6101449275362,1,1
3911,2019,0,1,7500000,4,1,1,1,3.11111111111111,0,2
3911,2020,-3e+06,1,16100000,6,1,0,0,100.628423331055,1,3
3911,2021,2e+06,2,9500000,4,2,0,0,335.897258297258,2,2
4083,2016,-14600000,4,5700000,8,5,2,0.4,26.8971526981118,3,1
4083,2017,0,0,2200000,3,0,0,0,0,0,1
4083,2020,0,0,4890000,4,0,0,0,0,0,1
4102,2015,-475000,2,0,0,2,1,0.5,0,0,0
4171,2017,-2600000,2,18880000,10,2,1,0.5,20.3735140676317,0,3
4171,2020,2e+05,1,9e+06,5,1,0,0,69.0540515040515,0,4
4750,2009,0,0,0,0,1,0,0,0,1,0
4750,2010,50000,1,250000,2,1,0,0,0,1,0
4750,2011,0,0,1e+05,1,0,0,0,0,0,0
4750,2012,650000,3,0,0,3,0,0,18.0492063492064,2,0
4795,2015,0,0,6200000,5,0,0,0,0,0,1
4795,2016,-3500000,3,7950000,4,4,2,0.5,103.093508976404,3,3
4814,2009,0,0,0,0,1,1,1,0,0,0
4814,2010,1300000,1,0,0,1,1,1,0,1,0
5358,2018,0,0,8800000,5,0,0,0,0,0,0
5358,2020,0,0,3250000,4,0,0,0,112,0,2
6195,2009,0,0,55150000,7,1,1,1,136.246749913313,1,6
6195,2010,4250000,2,14800000,5,3,3,1,152.873396048396,3,4
6195,2011,6640000,5,71200000,9,7,4,0.571428571428571,152.396203697403,4,5
6195,2012,0,0,26800000,7,2,2,1,49.2629120879121,2,3
6195,2013,62450000,3,107450000,13,5,0,0,411.470883697075,4,5
6195,2014,14650000,3,33550000,5,5,1,0.2,169.222152134644,4,3
6195,2015,12185000,5,40950000,9,5,1,0.2,144.923466528598,2,5
6195,2016,100505000,8,92590000,7,8,1,0.125,251.416530340742,5,6
6195,2017,7300000,4,64250000,5,5,0,0,202.546214780154,3,4
6195,2018,15100000,4,70500000,4,4,1,0.25,113.873590951532,3,3
6195,2019,9950000,6,192015000,15,6,2,0.333333333333333,396.802151635343,3,9
6195,2020,60240000,11,72750000,2,11,1,0.0909090909090909,228.754836041152,7,2
6195,2021,-1.1e+07,1,1.9e+07,1,1,0,0,21.6797619047619,1,1
6574,2013,-30500000,1,45250000,11,2,1,0.5,144.653469814312,1,6
6574,2014,-2650000,4,16801000,6,4,0,0,49.2493453768454,4,4
6574,2015,15200000,3,30600000,7,5,1,0.2,20.5645104895105,4,2
6574,2016,18200000,2,27510000,8,3,0,0,180.543396223659,3,5
6574,2017,-33650000,4,3.1e+07,7,4,0,0,38.1047290716402,2,2
6574,2018,24100000,6,52400000,10,6,1,0.166666666666667,134.035974483033,4,5
6574,2019,-26762000,9,59350000,9,9,2,0.222222222222222,139.838261658342,4,5
6574,2020,23900000,6,28500000,7,6,0,0,56.416267431399,4,3
6574,2021,3175000,5,30250000,6,5,0,0,80.964393939394,1,4
6692,2011,1250000,2,4700000,5,3,3,1,6.36193988759778,0,2
6912,2021,81000,1,0,0,1,1,1,0,0,0
7042,2009,0,0,1885000,3,1,1,1,15.525043377675,1,1
7179,2017,0,0,1e+05,1,0,0,0,0,0,0
7179,2018,-2700000,2,0,0,2,0,0,0,1,0
7179,2019,-450000,2,0,0,2,0,0,0,1,0
7179,2020,0,0,185000,1,0,0,0,0,0,0
7378,2017,1600000,1,0,0,1,1,1,0,1,0
7378,2018,38200000,6,3020000,2,6,3,0.5,0,1,1
7378,2019,0,0,2200000,1,0,0,0,0,0,0
7378,2020,1e+06,1,0,0,1,1,1,0,1,0
7378,2021,-197000,2,0,0,2,0,0,0,1,0
7971,2010,0,0,5800000,3,1,0,0,111.213924963925,0,3
8024,2015,250000,1,0,0,2,0,0,0,1,0
8024,2016,-2100000,1,0,0,1,0,0,0,1,0
8970,2015,175000,1,4e+05,1,1,0,0,0,0,0
8970,2018,225000,2,8760000,9,2,2,1,97.9208567576214,0,6
11300,2010,0,0,0,0,2,0,0,0,0,0
12321,2017,0,0,8750000,3,0,0,0,0,0,0
12321,2018,-7700000,3,10200000,3,3,1,0.333333333333333,118,1,1
14171,2011,0,0,1850000,3,0,0,0,0,0,1
14171,2012,0,0,1600000,2,0,0,0,0,0,1
14171,2013,6950000,5,2600000,3,5,1,0.2,39.5277777777778,2,1
14171,2014,2750000,1,2250000,2,1,1,1,0,1,0
16795,2011,0,0,11290000,7,0,0,0,0,0,0
16795,2012,3850000,3,12170000,7,3,0,0,231.574505974985,3,2
16795,2013,-11500000,3,5980000,3,3,1,0.333333333333333,248.389754689755,2,1
16795,2014,-20500000,3,7083000,4,4,0,0,147.890455986509,3,1
16795,2015,2620000,4,3250000,3,4,1,0.25,117.809437376636,3,1
16795,2016,9900000,3,11580000,5,3,0,0,192.206227106227,2,2
16795,2019,1e+05,1,10750000,5,1,1,1,27.5035531911549,0,4
16795,2020,0,0,20500000,5,0,0,0,6.47164502164502,0,2
16795,2021,-5e+05,2,4500000,1,2,0,0,112.816666666667,2,1
23826,2016,0,0,94150000,7,0,0,0,0,0,0
23826,2017,14400000,2,6.3e+07,5,3,0,0,44.1638735937266,2,2
23826,2018,22075000,8,64630000,5,8,2,0.25,34.8890256802022,2,1
23826,2019,-11950000,4,73350000,6,4,2,0.5,76.5653050160214,4,2
23826,2020,-2e+06,1,5.4e+07,5,1,0,0,112,1,1
23826,2021,-2.8e+07,5,107620000,7,5,1,0.2,507.800463425464,4,4
