season,source,target,total_value,n_transfers
2009,3,3709,750000.0,1
2009,4,33,1500000.0,1
2009,5,40,13500000.0,1
2009,5,418,67000000.0,1
2009,11,281,47700000.0,2
2009,12,31,20000000.0,1
2009,12,332,450000.0,1
2009,12,1387,1200000.0,1
2009,13,29,6800000.0,1
2009,13,336,6500000.0,1
2009,13,583,800000.0,1
2009,13,897,2000000.0,1
2009,13,2448,300000.0,1
2009,15,24,500000.0,1
2009,18,86,8199999.999999999,1
2009,27,3,10000000.0,1
2009,27,16,4200000.0,1
2009,27,33,1000000.0,1
2009,27,46,7000000.0,1
2009,27,86,750000.0,1
2009,29,281,27500000.0,1
2009,31,418,38500000.0,2
2009,31,6195,3750000.0,1
2009,33,383,4000000.0,1
2009,40,244,6500000.0,1
2009,40,985,4000000.0,1
2009,40,7042,500000.0,1
2009,44,533,7000000.0,1
2009,46,130,2500000.0,1
2009,46,131,74500000.0,2
2009,46,252,28000000.0,5
2009,46,1025,3500000.0,1
2009,60,15,250000.0,1
2009,79,27,30000000.0,1
2009,79,39,100000.0,1
2009,79,398,550000.0,1
2009,82,60,900000.0,1
2009,82,130,2000000.0,1
2009,82,1082,500000.0,1
2009,86,506,27000000.0,1
2009,86,618,5000000.0,1
2009,130,46,10000000.0,1
2009,130,252,900000.0,1
2009,130,800,1000000.0,1
2009,130,1025,5000000.0,1
2009,130,1387,5500000.0,2
2009,131,46,20000000.0,1
2009,131,162,2000000.0,1
2009,142,252,4500000.0,1
2009,142,398,6000000.0,1
2009,148,164,1700000.0,1
2009,148,289,11800000.0,1
2009,148,368,9000000.0,1
2009,148,1020,4500000.0,1
2009,162,1159,2500000.0,1
2009,164,281,21200000.0,1
2009,164,379,2600000.0,1
2009,164,405,9000000.0,1
2009,192,18,1700000.0,1
2009,192,234,3500000.0,1
2009,202,41,10000000.0,1
2009,237,18,3600000.0,1
2009,237,410,500000.0,1
2009,237,1049,5000000.0,1
2009,244,82,7000000.0,1
2009,244,164,4000000.0,1
2009,244,289,5800000.0,1
2009,244,543,3000000.0,1
2009,252,5,2500000.0,1
2009,252,46,38200000.0,2
2009,252,332,13000000.0,2
2009,252,398,500000.0,1
2009,252,458,5000000.0,1
2009,252,1387,800000.0,1
2009,273,244,12000000.0,1
2009,281,405,6800000.0,1
2009,281,618,3500000.0,1
2009,281,631,7250000.0,1
2009,289,512,6600000.0,2
2009,289,543,2400000.0,1
2009,289,3008,2500000.0,1
2009,290,82,3700000.0,1
2009,306,27,7700000.0,1
2009,317,27,2000000.0,1
2009,317,41,9000000.0,1
2009,331,40,3000000.0,1
2009,332,252,1790000.0,1
2009,366,13,5500000.0,1
2009,366,3709,4000000.0,1
2009,368,1084,700000.0,1
2009,368,6195,1900000.0,1
2009,379,281,29000000.0,1
2009,379,405,5700000.0,1
2009,379,430,6200000.0,1
2009,383,750,1000000.0,1
2009,398,41,6000000.0,1
2009,398,430,5500000.0,1
2009,405,281,13900000.0,1
2009,405,337,3500000.0,1
2009,405,355,4700000.0,1
2009,410,12,3500000.0,1
2009,410,332,1000000.0,1
2009,410,506,3300000.0,1
2009,410,6195,18000000.0,1
2009,415,40,8000000.0,1
2009,415,379,3500000.0,1
2009,417,244,400000.0,1
2009,417,826,1000000.0,1
2009,418,5,15000000.0,1
2009,418,27,25000000.0,1
2009,418,46,15000000.0,1
2009,418,244,1500000.0,1
2009,418,294,12000000.0,2
2009,418,368,15000000.0,1
2009,418,3709,5000000.0,2
2009,430,79,8000000.0,1
2009,430,252,2500000.0,1
2009,430,332,800000.0,1
2009,430,379,2700000.0,1
2009,430,506,25000000.0,1
2009,430,1038,5000000.0,1
2009,458,252,8500000.0,2
2009,458,1627,3000000.0,1
2009,499,200,2800000.0,1
2009,499,317,750000.0,1
2009,506,430,6500000.0,2
2009,506,1387,3500000.0,1
2009,512,1132,1800000.0,1
2009,512,3008,3500000.0,1
2009,583,1082,1600000.0,1
2009,583,1158,1700000.0,1
2009,610,11,12000000.0,1
2009,618,1041,13000000.0,1
2009,618,1290,1400000.0,2
2009,630,410,2500000.0,1
2009,630,1050,6000000.0,1
2009,631,86,2000000.0,1
2009,631,714,1000000.0,1
2009,714,368,3000000.0,1
2009,714,630,1500000.0,1
2009,714,1071,2450000.0,1
2009,720,244,19000000.0,1
2009,720,415,3500000.0,1
2009,720,430,3500000.0,1
2009,720,1041,40200000.0,2
2009,720,1085,600000.0,1
2009,720,1164,1500000.0,1
2009,750,290,1500000.0,1
2009,750,583,8500000.0,1
2009,800,252,10500000.0,1
2009,800,6195,11000000.0,1
2009,826,1041,2500000.0,1
2009,897,142,2500000.0,1
2009,982,720,3000000.0,1
2009,982,1390,4500000.0,1
2009,985,289,4100000.0,1
2009,985,366,2750000.0,1
2009,985,418,94000000.0,1
2009,1020,29,6500000.0,1
2009,1020,31,20500000.0,1
2009,1020,148,19200000.0,3
2009,1020,512,3750000.0,1
2009,1025,130,2800000.0,1
2009,1025,1387,2500000.0,1
2009,1038,130,3600000.0,1
2009,1038,1210,200000.0,1
2009,1038,1390,4000000.0,1
2009,1038,1627,2000000.0,1
2009,1038,6195,7000000.0,1
2009,1041,417,2500000.0,1
2009,1041,418,35000000.0,1
2009,1041,506,2000000.0,1
2009,1041,1290,1500000.0,1
2009,1049,252,3700000.0,1
2009,1049,418,15000000.0,1
2009,1050,336,4100000.0,1
2009,1071,289,7000000.0,1
2009,1071,985,18800000.0,1
2009,1075,294,400000.0,1
2009,1075,336,3000000.0,1
2009,1075,720,3000000.0,1
2009,1082,1041,18000000.0,1
2009,1084,398,900000.0,1
2009,1090,610,8000000.0,1
2009,1158,40,4000000.0,1
2009,1158,244,2500000.0,1
2009,1158,583,2500000.0,1
2009,1164,162,4000000.0,1
2009,1164,1082,6500000.0,1
2009,1210,379,6800000.0,1
2009,1304,200,900000.0,1
2009,1304,1090,500000.0,1
2009,1387,130,11200000.0,2
2009,1387,252,5200000.0,1
2009,1387,332,1500000.0,1
2009,1387,6195,8500000.0,1
2009,1627,1025,400000.0,1
2009,2420,366,300000.0,1
2009,2420,2448,500000.0,1
2009,2425,720,600000.0,1
2009,2448,337,3300000.0,1
2009,3008,289,13600000.0,1
2009,3008,355,2400000.0,1
2009,3302,418,5000000.0,1
2009,3302,3709,2500000.0,1
2009,3345,237,400000.0,1
2009,3345,720,400000.0,1
2009,3709,142,5500000.0,1
2009,3709,418,4000000.0,1
2009,4750,1075,50000.0,1
2009,6195,1038,3500000.0,1
2009,7042,3008,2150000.0,1
2010,4,41,2200000.0,1
2010,5,33,14000000.0,1
2010,5,252,2250000.0,1
2010,5,458,1300000.0,1
2010,5,506,4500000.0,1
2010,12,410,1450000.0,1
2010,12,430,4000000.0,1
2010,12,862,800000.0,1
2010,12,1038,1500000.0,1
2010,12,1084,2500000.0,1
2010,13,33,11000000.0,1
2010,13,294,8500000.0,1
2010,13,1084,1500000.0,1
2010,15,24,1000000.0,1
2010,15,33,400000.0,1
2010,15,82,5000000.0,1
2010,16,79,300000.0,1
2010,16,7971,3500000.0,1
2010,19,130,7000000.0,1
2010,27,1084,3000000.0,1
2010,27,6195,3000000.0,1
2010,29,148,3600000.0,1
2010,31,131,20000000.0,1
2010,31,533,7000000.0,1
2010,31,631,65500000.0,2
2010,33,41,7500000.0,1
2010,33,60,700000.0,1
2010,33,252,8000000.0,1
2010,33,368,2500000.0,1
2010,40,1041,22000000.0,1
2010,41,15,2000000.0,1
2010,41,281,12500000.0,1
2010,42,60,550000.0,1
2010,46,5,2000000.0,2
2010,46,12,8000000.0,1
2010,46,252,6500000.0,1
2010,46,281,29500000.0,1
2010,46,1025,2500000.0,1
2010,46,1038,7000000.0,1
2010,79,2,100000.0,1
2010,79,3,700000.0,1
2010,79,273,1200000.0,1
2010,79,418,14000000.0,1
2010,79,533,4000000.0,1
2010,82,2,850000.0,1
2010,82,281,37000000.0,1
2010,82,506,300000.0,1
2010,86,79,300000.0,1
2010,86,418,18000000.0,1
2010,130,46,4200000.0,1
2010,130,252,11350000.0,2
2010,130,1025,500000.0,1
2010,131,281,30000000.0,1
2010,142,512,2000000.0,1
2010,162,512,2500000.0,1
2010,162,583,5000000.0,1
2010,162,618,200000.0,1
2010,162,1025,2000000.0,1
2010,237,13,1800000.0,1
2010,237,1049,4300000.0,1
2010,244,762,6000000.0,1
2010,244,969,800000.0,1
2010,244,1423,800000.0,1
2010,252,5,9500000.0,2
2010,252,46,13000000.0,1
2010,252,130,8500000.0,2
2010,252,336,2000000.0,1
2010,252,398,11500000.0,2
2010,252,1025,3000000.0,1
2010,273,244,4000000.0,1
2010,273,289,16000000.0,1
2010,273,618,125000.0,1
2010,273,1041,6000000.0,1
2010,281,5,21000000.0,1
2010,281,130,2000000.0,1
2010,281,398,2500000.0,1
2010,281,405,9700000.0,1
2010,289,142,350000.0,1
2010,289,405,21500000.0,1
2010,289,512,9700000.0,1
2010,290,984,930000.0,1
2010,290,1158,1500000.0,1
2010,294,418,33000000.0,1
2010,294,631,47000000.0,2
2010,294,931,2500000.0,1
2010,317,86,6200000.0,1
2010,317,762,4280000.0,1
2010,317,1071,4000000.0,1
2010,331,13,4250000.0,1
2010,331,244,6000000.0,1
2010,332,506,15500000.0,1
2010,336,252,9000000.0,1
2010,336,720,11000000.0,1
2010,355,1181,1400000.0,1
2010,368,11,6500000.0,1
2010,368,131,9500000.0,1
2010,368,252,6000000.0,1
2010,379,19,2950000.0,2
2010,379,430,2000000.0,1
2010,383,131,3000000.0,1
2010,383,931,1950000.0,1
2010,398,281,23860000.0,1
2010,398,1084,2000000.0,1
2010,398,6195,500000.0,1
2010,403,200,550000.0,1
2010,405,281,22000000.0,1
2010,405,337,4000000.0,1
2010,405,931,600000.0,1
2010,405,984,1800000.0,1
2010,410,332,4500000.0,1
2010,410,430,10800000.0,2
2010,410,7971,1500000.0,1
2010,415,244,16000000.0,1
2010,417,40,3500000.0,1
2010,417,244,15500000.0,1
2010,417,273,4000000.0,1
2010,418,148,10500000.0,1
2010,458,82,12500000.0,1
2010,458,130,400000.0,1
2010,458,1038,2700000.0,1
2010,499,7971,800000.0,1
2010,506,31,5480000.0,1
2010,506,79,5900000.0,2
2010,506,82,15500000.0,1
2010,506,332,2500000.0,1
2010,506,1025,2400000.0,1
2010,506,1390,3800000.0,1
2010,512,82,4500000.0,1
2010,533,3,100000.0,1
2010,533,4,400000.0,1
2010,533,27,17000000.0,1
2010,533,379,3000000.0,1
2010,583,289,7000000.0,1
2010,610,5,2500000.0,1
2010,610,31,26500000.0,1
2010,610,681,200000.0,1
2010,618,1429,1100000.0,1
2010,630,418,6000000.0,1
2010,631,418,8000000.0,1
2010,631,1071,2400000.0,1
2010,714,5,4000000.0,1
2010,714,6195,8500000.0,1
2010,720,31,13000000.0,1
2010,720,336,1000000.0,1
2010,750,273,1500000.0,1
2010,750,862,1000000.0,1
2010,762,31,41000000.0,1
2010,826,273,5000000.0,1
2010,897,13,12000000.0,1
2010,931,31,4200000.0,1
2010,931,985,8000000.0,1
2010,969,273,7500000.0,2
2010,969,1049,6500000.0,1
2010,985,337,7000000.0,1
2010,1005,458,391000.0,1
2010,1025,130,600000.0,1
2010,1025,252,3000000.0,1
2010,1025,714,4600000.0,1
2010,1038,5,3300000.0,1
2010,1038,46,18000000.0,1
2010,1041,379,1200000.0,1
2010,1041,405,6200000.0,1
2010,1041,583,2500000.0,1
2010,1049,131,40000000.0,1
2010,1049,281,28750000.0,1
2010,1049,337,7000000.0,1
2010,1049,368,5000000.0,1
2010,1049,1050,2500000.0,1
2010,1050,13,8000000.0,1
2010,1050,681,2500000.0,1
2010,1071,289,1200000.0,1
2010,1075,252,4500000.0,1
2010,1075,336,3000000.0,1
2010,1082,3911,200000.0,1
2010,1090,19,300000.0,1
2010,1090,383,3500000.0,1
2010,1090,610,5000000.0,1
2010,1090,931,6000000.0,1
2010,1158,11,12500000.0,1
2010,1159,162,1300000.0,1
2010,1304,306,2750000.0,1
2010,1390,1005,1000000.0,1
2010,1390,1038,4000000.0,1
2010,1423,40,4500000.0,1
2010,1423,79,2500000.0,1
2010,1423,583,1500000.0,1
2010,1429,130,500000.0,2
2010,1627,506,12000000.0,1
2010,1627,862,500000.0,1
2010,1627,6195,1300000.0,1
2010,2420,985,8800000.0,1
2010,2420,1075,100000.0,1
2010,2425,294,2000000.0,1
2010,2425,1075,300000.0,1
2010,2990,720,400000.0,1
2010,3302,252,5000000.0,1
2010,3709,39,1100000.0,1
2010,3709,418,10000000.0,1
2010,3709,1049,10000000.0,1
2010,4750,1075,200000.0,1
2010,4814,252,1500000.0,1
2010,6195,142,2300000.0,1
2010,6195,410,2000000.0,1
2010,6195,714,2500000.0,1
2011,2,41,4000000.0,1
2011,4,16,5500000.0,1
2011,5,12,10000000.0,1
2011,5,252,10500000.0,2
2011,5,618,1800000.0,1
2011,11,131,34000000.0,1
2011,11,281,35250000.0,2
2011,11,1039,1350000.0,1
2011,12,506,15000000.0,1
2011,12,583,8000000.0,1
2011,12,931,2630000.0,1
2011,13,46,5000000.0,1
2011,13,281,40000000.0,1
2011,13,331,1000000.0,1
2011,13,336,8850000.0,1
2011,13,368,3500000.0,1
2011,13,985,25000000.0,1
2011,15,2,280000.0,1
2011,15,39,800000.0,1
2011,15,506,12500000.0,1
2011,16,4,150000.0,1
2011,16,39,400000.0,1
2011,16,79,1000000.0,1
2011,16,418,10000000.0,1
2011,18,862,1200000.0,1
2011,27,86,5000000.0,1
2011,29,11,12000000.0,1
2011,29,164,1700000.0,1
2011,29,1123,2300000.0,1
2011,31,336,1500000.0,1
2011,31,355,4500000.0,1
2011,31,631,13500000.0,1
2011,31,1123,900000.0,1
2011,33,27,30000000.0,1
2011,33,86,1000000.0,1
2011,39,15,8500000.0,1
2011,39,33,3800000.0,1
2011,40,244,5000000.0,1
2011,41,44,600000.0,1
2011,41,273,3500000.0,1
2011,41,506,9000000.0,1
2011,41,1082,500000.0,1
2011,41,1084,1750000.0,1
2011,46,458,8500000.0,1
2011,46,583,11500000.0,1
2011,46,762,5650000.0,1
2011,60,15,3000000.0,1
2011,60,44,100000.0,1
2011,60,533,200000.0,1
2011,60,762,12000000.0,1
2011,79,15,7500000.0,1
2011,79,82,9000000.0,1
2011,79,931,500000.0,1
2011,82,3,2800000.0,1
2011,82,533,700000.0,1
2011,86,11,11300000.0,1
2011,86,44,700000.0,1
2011,130,12,7600000.0,1
2011,130,336,2600000.0,1
2011,130,1025,1500000.0,1
2011,130,1387,2500000.0,1
2011,130,1429,4000000.0,1
2011,130,6195,9000000.0,1
2011,130,6692,300000.0,1
2011,131,5,24000000.0,1
2011,131,12,12000000.0,1
2011,131,336,3750000.0,1
2011,131,368,3000000.0,1
2011,131,583,3500000.0,1
2011,142,13,3000000.0,1
2011,142,621,7500000.0,1
2011,142,1050,5000000.0,1
2011,148,405,4500000.0,1
2011,148,512,20300000.0,2
2011,148,543,3750000.0,1
2011,164,984,58000.0,1
2011,164,985,19300000.0,1
2011,167,202,10000.0,1
2011,200,336,5080000.0,1
2011,200,383,13000000.0,2
2011,200,2288,1700000.0,1
2011,202,252,2500000.0,1
2011,202,383,7000000.0,1
2011,234,46,1500000.0,1
2011,234,317,5500000.0,1
2011,234,383,5000000.0,1
2011,235,610,550000.0,1
2011,237,1050,8000000.0,1
2011,237,2448,1000000.0,1
2011,252,5,38300000.0,5
2011,252,27,5500000.0,1
2011,252,398,4000000.0,1
2011,252,430,2500000.0,1
2011,252,862,2300000.0,2
2011,252,1025,3000000.0,1
2011,252,1387,1480000.0,1
2011,273,290,1000000.0,1
2011,273,618,1500000.0,1
2011,273,750,1500000.0,1
2011,273,2969,1500000.0,1
2011,281,27,13500000.0,1
2011,281,405,3750000.0,1
2011,281,1039,9200000.0,2
2011,281,3368,1000000.0,1
2011,289,31,18000000.0,1
2011,289,1039,1130000.0,1
2011,290,618,2000000.0,1
2011,290,1082,1500000.0,1
2011,294,142,8600000.0,1
2011,294,418,30000000.0,1
2011,294,2288,850000.0,1
2011,306,1090,1600000.0,1
2011,317,610,3000000.0,1
2011,317,720,3000000.0,1
2011,317,931,12000000.0,1
2011,331,1050,2300000.0,1
2011,331,1084,6000000.0,1
2011,336,142,1300000.0,1
2011,336,164,2300000.0,1
2011,336,1075,463000.0,1
2011,355,631,8400000.0,1
2011,355,1071,4300000.0,1
2011,367,368,1800000.0,1
2011,368,237,600000.0,1
2011,368,336,3500000.0,1
2011,368,1041,800000.0,1
2011,368,1084,2800000.0,1
2011,383,79,1800000.0,1
2011,398,506,9930000.0,1
2011,398,1039,5000000.0,1
2011,405,31,22800000.0,1
2011,405,985,18000000.0,1
2011,405,1039,1130000.0,1
2011,410,131,26000000.0,1
2011,410,506,11250000.0,2
2011,410,1050,9000000.0,1
2011,410,1387,2500000.0,1
2011,410,6195,18000000.0,1
2011,410,14171,1000000.0,1
2011,415,417,1200000.0,1
2011,415,458,450000.0,1
2011,418,294,5500000.0,1
2011,430,252,17000000.0,2
2011,430,410,111000.0,1
2011,458,5,500000.0,1
2011,458,252,1300000.0,1
2011,458,430,800000.0,1
2011,458,583,45900000.0,2
2011,458,931,1600000.0,1
2011,458,1025,200000.0,1
2011,458,1429,100000.0,1
2011,458,1627,1000000.0,1
2011,458,6195,12000000.0,1
2011,467,306,650000.0,1
2011,467,610,3230000.0,1
2011,499,192,350000.0,1
2011,506,130,3000000.0,1
2011,506,430,500000.0,1
2011,506,583,8000000.0,1
2011,506,1025,2500000.0,1
2011,506,1390,2700000.0,1
2011,506,1627,400000.0,1
2011,533,79,4500000.0,1
2011,583,273,6600000.0,1
2011,583,618,1800000.0,1
2011,583,2969,500000.0,1
2011,583,3911,500000.0,1
2011,610,12,7330000.0,1
2011,610,499,300000.0,1
2011,618,415,6000000.0,1
2011,618,583,8000000.0,1
2011,618,1082,9000000.0,1
2011,618,1627,1900000.0,1
2011,631,41,4500000.0,2
2011,631,130,360000.0,1
2011,631,294,5000000.0,1
2011,631,583,5000000.0,1
2011,714,12,16000000.0,1
2011,714,142,1000000.0,1
2011,714,418,5000000.0,1
2011,720,13,45000000.0,2
2011,750,417,2500000.0,1
2011,762,31,8000000.0,1
2011,762,2288,3250000.0,1
2011,800,458,5300000.0,1
2011,800,506,5000000.0,1
2011,862,252,7000000.0,1
2011,862,458,3500000.0,1
2011,862,1025,500000.0,1
2011,931,1039,5800000.0,1
2011,969,368,2000000.0,1
2011,982,82,2500000.0,1
2011,984,1050,6000000.0,1
2011,985,29,600000.0,1
2011,985,42,1800000.0,1
2011,985,289,6000000.0,2
2011,985,762,3400000.0,1
2011,1005,5,550000.0,1
2011,1005,430,1800000.0,1
2011,1005,6195,2900000.0,1
2011,1025,46,4100000.0,1
2011,1025,130,1500000.0,1
2011,1025,458,3500000.0,1
2011,1025,506,1200000.0,1
2011,1025,862,1500000.0,1
2011,1025,6195,9000000.0,1
2011,1039,164,1800000.0,1
2011,1041,12,11000000.0,1
2011,1041,1084,11000000.0,1
2011,1049,631,26700000.0,1
2011,1049,1084,4200000.0,1
2011,1050,150,1350000.0,1
2011,1050,1084,23000000.0,1
2011,1050,1090,1500000.0,1
2011,1071,150,285000.0,1
2011,1071,405,10800000.0,1
2011,1075,13,21500000.0,2
2011,1075,336,1240000.0,1
2011,1082,11,12000000.0,1
2011,1082,40,1000000.0,1
2011,1082,294,2000000.0,1
2011,1082,762,5000000.0,1
2011,1082,1049,6000000.0,1
2011,1090,130,1500000.0,1
2011,1090,336,1350000.0,1
2011,1090,610,4000000.0,1
2011,1090,714,2500000.0,1
2011,1158,244,2500000.0,1
2011,1158,583,11000000.0,1
2011,1158,618,2500000.0,1
2011,1159,273,5700000.0,2
2011,1159,618,300000.0,1
2011,1268,317,1500000.0,1
2011,1268,383,750000.0,1
2011,1301,336,1000000.0,1
2011,1301,368,3000000.0,1
2011,1304,317,1500000.0,1
2011,1387,3,2000000.0,1
2011,1390,252,500000.0,1
2011,1390,398,5200000.0,1
2011,1390,430,4500000.0,1
2011,1390,506,15500000.0,1
2011,1423,583,3200000.0,1
2011,1429,46,4500000.0,1
2011,1429,506,7250000.0,1
2011,1436,1075,1000000.0,1
2011,1436,1390,600000.0,1
2011,1627,458,8000000.0,1
2011,1627,6692,2500000.0,1
2011,2424,1075,1200000.0,2
2011,2448,12,4500000.0,1
2011,2639,294,800000.0,2
2011,2990,82,1500000.0,1
2011,2995,982,750000.0,1
2011,3349,1075,125000.0,1
2011,3709,368,4500000.0,1
2011,3709,714,3000000.0,1
2011,3709,1049,6000000.0,1
2011,3709,3368,200000.0,1
2011,3911,1082,8000000.0,1
2011,6195,130,1500000.0,1
2011,6195,506,10500000.0,1
2011,6195,1049,8000000.0,1
2011,6195,1387,650000.0,1
2012,4,15,7000000.0,1
2012,5,46,5500000.0,1
2012,5,252,4000000.0,1
2012,5,583,63000000.0,2
2012,11,131,19000000.0,1
2012,11,681,14000000.0,1
2012,11,985,30700000.0,1
2012,12,31,13300000.0,1
2012,12,252,4200000.0,3
2012,12,862,500000.0,1
2012,12,2921,1200000.0,1
2012,13,18,10000000.0,1
2012,13,294,11000000.0,1
2012,15,24,500000.0,1
2012,15,31,1300000.0,1
2012,15,38,400000.0,1
2012,15,65,50000.0,1
2012,15,533,5500000.0,1
2012,16,82,8000000.0,1
2012,16,985,16000000.0,1
2012,18,16,17100000.0,1
2012,18,24,800000.0,1
2012,18,27,4700000.0,1
2012,18,38,200000.0,1
2012,18,1426,400000.0,1
2012,29,281,15000000.0,1
2012,31,430,2000000.0,1
2012,31,512,6200000.0,1
2012,33,148,1750000.0,1
2012,33,167,700000.0,1
2012,39,65,900000.0,1
2012,39,533,3000000.0,1
2012,40,398,1500000.0,1
2012,40,762,2000000.0,1
2012,40,1159,1200000.0,1
2012,40,1421,800000.0,1
2012,42,82,2500000.0,1
2012,46,5,12500000.0,1
2012,46,31,13000000.0,1
2012,46,281,3750000.0,1
2012,46,317,6000000.0,1
2012,46,410,8000000.0,1
2012,46,800,5050000.0,1
2012,46,6195,7500000.0,1
2012,60,38,200000.0,1
2012,65,24,1300000.0,1
2012,79,4,1000000.0,1
2012,79,16,5500000.0,1
2012,79,46,1200000.0,1
2012,82,27,13000000.0,1
2012,82,41,4000000.0,1
2012,82,931,2500000.0,1
2012,86,65,50000.0,1
2012,86,82,4800000.0,1
2012,86,631,8000000.0,1
2012,130,5,3000000.0,1
2012,130,506,11000000.0,1
2012,130,1025,1000000.0,1
2012,130,1387,3350000.0,2
2012,132,317,900000.0,1
2012,132,1090,350000.0,1
2012,142,1387,1370000.0,1
2012,142,16795,300000.0,1
2012,148,29,5750000.0,1
2012,148,41,13000000.0,1
2012,148,237,1000000.0,1
2012,148,418,35000000.0,1
2012,148,1123,3000000.0,1
2012,192,383,2500000.0,1
2012,202,317,5500000.0,1
2012,202,1268,168000.0,1
2012,234,405,6600000.0,2
2012,234,1304,100000.0,1
2012,237,1071,6000000.0,1
2012,244,379,2500000.0,1
2012,244,631,8800000.0,1
2012,244,1039,16500000.0,2
2012,252,5,8000000.0,1
2012,252,12,2500000.0,1
2012,252,46,10500000.0,1
2012,252,86,3500000.0,1
2012,252,430,4200000.0,1
2012,252,458,1100000.0,1
2012,252,506,4000000.0,1
2012,252,800,1000000.0,1
2012,252,862,6500000.0,1
2012,252,1025,3250000.0,1
2012,252,1387,1300000.0,1
2012,252,2288,2500000.0,1
2012,252,2921,1500000.0,1
2012,252,6195,1500000.0,1
2012,273,1123,1500000.0,1
2012,281,5,23500000.0,2
2012,281,148,6400000.0,1
2012,281,289,12600000.0,1
2012,281,2921,1800000.0,1
2012,289,931,2500000.0,1
2012,289,1123,1900000.0,1
2012,294,281,20200000.0,1
2012,294,714,350000.0,1
2012,294,750,2000000.0,1
2012,294,14171,1200000.0,1
2012,306,31,4000000.0,1
2012,306,82,7000000.0,1
2012,306,383,4100000.0,1
2012,317,18,12000000.0,1
2012,317,294,12000000.0,1
2012,317,1090,500000.0,1
2012,336,13,3500000.0,1
2012,336,130,1800000.0,1
2012,336,430,3140000.0,1
2012,336,720,1000000.0,1
2012,336,1032,750000.0,1
2012,336,1049,3700000.0,1
2012,367,2288,2570000.0,1
2012,368,418,3500000.0,1
2012,368,506,8000000.0,1
2012,383,202,550000.0,1
2012,383,336,900000.0,1
2012,398,46,300000.0,1
2012,398,800,250000.0,1
2012,405,379,3200000.0,1
2012,410,46,15000000.0,1
2012,410,416,3550000.0,1
2012,410,506,31900000.0,2
2012,410,750,3000000.0,1
2012,410,800,5000000.0,1
2012,415,762,2000000.0,1
2012,415,969,5000000.0,1
2012,416,1038,3000000.0,1
2012,416,1627,1100000.0,1
2012,417,969,3500000.0,1
2012,417,1041,3000000.0,1
2012,417,2425,400000.0,1
2012,418,1039,8000000.0,1
2012,418,1049,11000000.0,2
2012,430,281,15200000.0,1
2012,430,416,6750000.0,1
2012,430,6195,9750000.0,2
2012,458,12,4500000.0,1
2012,458,416,2330000.0,1
2012,458,430,2750000.0,1
2012,458,533,2500000.0,1
2012,458,800,950000.0,1
2012,458,1390,3200000.0,1
2012,499,235,50000.0,1
2012,499,985,5000000.0,1
2012,506,86,5500000.0,1
2012,506,252,4000000.0,1
2012,506,410,1500000.0,1
2012,506,1025,300000.0,1
2012,533,18,2500000.0,1
2012,533,33,4000000.0,1
2012,533,148,10000000.0,1
2012,533,306,800000.0,1
2012,533,430,200000.0,1
2012,583,1041,2750000.0,1
2012,595,273,4000000.0,1
2012,595,1082,3500000.0,1
2012,610,148,12500000.0,1
2012,610,417,1500000.0,1
2012,610,499,550000.0,1
2012,610,583,6000000.0,1
2012,610,762,8500000.0,1
2012,618,1423,800000.0,1
2012,621,27,40000000.0,1
2012,631,31,15000000.0,1
2012,681,24,500000.0,1
2012,714,237,1200000.0,1
2012,714,3709,3000000.0,1
2012,720,46,21000000.0,2
2012,720,336,1750000.0,1
2012,750,150,750000.0,1
2012,750,379,6000000.0,1
2012,750,1082,10000000.0,1
2012,762,631,8500000.0,1
2012,800,46,5300000.0,1
2012,800,416,1150000.0,1
2012,800,506,11000000.0,1
2012,862,5,4000000.0,1
2012,862,12,4970000.0,2
2012,931,148,26500000.0,2
2012,931,1032,1500000.0,1
2012,969,11,12000000.0,1
2012,969,762,8000000.0,1
2012,982,1387,3650000.0,1
2012,985,931,5000000.0,1
2012,985,1039,3100000.0,1
2012,1025,180,15200000.0,1
2012,1025,416,2000000.0,1
2012,1038,130,4500000.0,1
2012,1038,1390,1600000.0,1
2012,1041,130,3500000.0,1
2012,1041,148,12600000.0,1
2012,1041,417,3000000.0,1
2012,1041,1049,6000000.0,1
2012,1041,1158,1000000.0,1
2012,1049,131,14000000.0,1
2012,1049,621,2500000.0,1
2012,1049,2288,7000000.0,1
2012,1049,3709,2000000.0,1
2012,1071,631,11500000.0,1
2012,1075,294,4000000.0,1
2012,1082,631,35000000.0,1
2012,1082,762,6200000.0,1
2012,1084,11,29000000.0,2
2012,1084,142,1000000.0,1
2012,1084,3368,300000.0,1
2012,1084,16795,2300000.0,1
2012,1090,167,250000.0,1
2012,1090,610,4000000.0,1
2012,1090,3911,1250000.0,1
2012,1095,1082,2500000.0,1
2012,1158,244,2000000.0,1
2012,1158,1041,3000000.0,1
2012,1159,762,2500000.0,1
2012,1159,1039,4000000.0,1
2012,1268,200,950000.0,1
2012,1268,234,800000.0,1
2012,1304,1090,300000.0,1
2012,1387,130,7000000.0,2
2012,1387,252,7000000.0,1
2012,1387,416,2600000.0,1
2012,1387,458,1400000.0,1
2012,1387,800,1000000.0,1
2012,1387,1390,1500000.0,1
2012,1390,252,2500000.0,1
2012,1423,244,500000.0,1
2012,1426,180,2800000.0,1
2012,1436,1075,750000.0,1
2012,2288,31,19000000.0,1
2012,2288,281,7800000.0,1
2012,2288,289,5800000.0,1
2012,2921,583,12000000.0,1
2012,2995,294,2000000.0,1
2012,3368,1071,3800000.0,1
2012,3368,3709,500000.0,1
2012,3709,13,1000000.0,1
2012,3709,533,4000000.0,1
2012,3911,415,1000000.0,1
2012,4750,150,300000.0,1
2012,4750,720,1200000.0,1
2012,6195,130,900000.0,1
2012,6195,583,30000000.0,1
2012,16795,410,4000000.0,1
2012,16795,940,1200000.0,1
2012,16795,1159,2000000.0,1
2013,4,82,6000000.0,1
2013,4,167,250000.0,1
2013,5,33,10000000.0,1
2013,5,252,3500000.0,1
2013,5,276,500000.0,1
2013,5,1038,3400000.0,1
2013,11,12,8000000.0,1
2013,11,289,2400000.0,1
2013,11,873,1200000.0,1
2013,12,131,13000000.0,1
2013,12,148,30000000.0,1
2013,12,180,15100000.0,1
2013,12,252,3000000.0,1
2013,12,410,6500000.0,2
2013,12,583,31400000.0,1
2013,12,931,5600000.0,1
2013,13,29,4000000.0,1
2013,13,162,43000000.0,1
2013,13,281,4500000.0,1
2013,13,294,14000000.0,1
2013,13,1075,3000000.0,1
2013,15,44,1000000.0,1
2013,15,418,6500000.0,1
2013,15,631,22000000.0,1
2013,16,4,1500000.0,1
2013,16,24,75000.0,1
2013,16,27,37000000.0,1
2013,16,33,1000000.0,1
2013,16,39,600000.0,1
2013,16,41,1400000.0,1
2013,16,42,2800000.0,1
2013,18,533,1400000.0,1
2013,27,15,5000000.0,1
2013,27,82,16000000.0,1
2013,27,86,3000000.0,1
2013,27,430,15500000.0,1
2013,29,984,5900000.0,1
2013,29,985,32400000.0,1
2013,29,3008,7800000.0,1
2013,31,379,23300000.0,2
2013,31,2288,5800000.0,1
2013,33,3709,1500000.0,1
2013,39,33,8000000.0,1
2013,40,86,1500000.0,1
2013,40,533,3000000.0,1
2013,41,15,12500000.0,1
2013,41,276,100000.0,1
2013,42,79,4500000.0,2
2013,46,15,3000000.0,1
2013,46,86,2250000.0,1
2013,46,276,1600000.0,1
2013,46,1025,1250000.0,1
2013,60,18,2500000.0,1
2013,60,24,2000000.0,1
2013,60,82,4500000.0,1
2013,60,86,3000000.0,1
2013,79,39,1500000.0,1
2013,79,1301,150000.0,1
2013,82,4,2500000.0,1
2013,82,13,1500000.0,1
2013,82,24,400000.0,1
2013,82,39,5750000.0,2
2013,82,1082,2500000.0,1
2013,82,1269,200000.0,1
2013,86,16,9900000.0,1
2013,86,512,2800000.0,1
2013,86,1090,250000.0,1
2013,130,46,5750000.0,1
2013,130,234,3000000.0,1
2013,130,506,1780000.0,1
2013,130,1025,2000000.0,1
2013,130,1038,2300000.0,1
2013,130,6574,13250000.0,2
2013,131,13,2100000.0,1
2013,131,27,25000000.0,1
2013,131,940,1000000.0,1
2013,132,202,650000.0,1
2013,132,1090,3000000.0,1
2013,148,418,101000000.0,1
2013,148,603,9150000.0,1
2013,148,931,4300000.0,1
2013,148,3008,5800000.0,1
2013,150,621,8000000.0,1
2013,150,2288,500000.0,1
2013,167,23,500000.0,1
2013,180,873,2200000.0,1
2013,200,610,3800000.0,1
2013,202,405,1400000.0,1
2013,235,317,350000.0,1
2013,235,383,275000.0,1
2013,244,1158,500000.0,1
2013,244,14171,300000.0,1
2013,252,5,7000000.0,2
2013,252,12,8500000.0,3
2013,252,416,1500000.0,2
2013,252,506,2750000.0,1
2013,252,862,1500000.0,1
2013,252,6574,3200000.0,1
2013,273,603,2500000.0,1
2013,273,618,4500000.0,1
2013,273,969,1800000.0,2
2013,273,16795,2500000.0,1
2013,276,6195,9500000.0,1
2013,281,506,9000000.0,1
2013,289,31,10600000.0,1
2013,289,984,7000000.0,1
2013,289,3008,2300000.0,1
2013,294,13,6000000.0,1
2013,294,631,25000000.0,1
2013,294,940,4000000.0,1
2013,294,982,1200000.0,1
2013,306,294,8000000.0,1
2013,306,603,2500000.0,1
2013,306,1090,1500000.0,1
2013,317,148,8150000.0,1
2013,317,276,500000.0,1
2013,317,1123,5500000.0,1
2013,331,621,4000000.0,1
2013,336,31,7500000.0,1
2013,336,60,400000.0,1
2013,336,383,2780000.0,2
2013,336,1123,10000000.0,1
2013,336,1421,30000.0,1
2013,366,621,500000.0,1
2013,367,13,7000000.0,1
2013,368,15,400000.0,1
2013,368,31,8000000.0,1
2013,368,162,20000000.0,1
2013,368,281,45000000.0,2
2013,368,405,2000000.0,1
2013,368,603,13350000.0,2
2013,368,873,2000000.0,1
2013,383,12,17500000.0,1
2013,383,42,2750000.0,1
2013,383,273,2500000.0,1
2013,383,512,3600000.0,1
2013,383,6195,9480000.0,1
2013,398,46,18000000.0,1
2013,398,252,300000.0,1
2013,398,405,6500000.0,1
2013,398,1123,1500000.0,1
2013,398,6574,2000000.0,1
2013,405,273,3000000.0,1
2013,405,873,2100000.0,1
2013,410,12,13500000.0,1
2013,410,398,8199999.999999999,1
2013,410,430,20000000.0,1
2013,410,6195,4000000.0,1
2013,415,148,11000000.0,1
2013,415,273,2000000.0,1
2013,415,618,5000000.0,1
2013,416,46,3790000.0,1
2013,416,276,300000.0,1
2013,416,430,2500000.0,1
2013,416,506,15000000.0,1
2013,418,11,47000000.0,1
2013,418,3709,6000000.0,1
2013,418,6195,60500000.0,3
2013,430,12,12000000.0,1
2013,430,281,26000000.0,1
2013,430,681,3000000.0,1
2013,499,631,9400000.0,1
2013,499,2288,16000000.0,1
2013,506,5,11000000.0,1
2013,506,130,500000.0,1
2013,506,289,7500000.0,1
2013,506,416,13500000.0,1
2013,506,800,1450000.0,1
2013,506,1038,11500000.0,1
2013,506,6574,14500000.0,2
2013,533,24,500000.0,1
2013,583,31,19000000.0,1
2013,583,368,7500000.0,1
2013,610,13,7000000.0,1
2013,610,148,14150000.0,1
2013,610,317,800000.0,1
2013,618,13,10000000.0,1
2013,618,16,13000000.0,1
2013,618,631,14600000.0,1
2013,618,6195,5000000.0,1
2013,631,5,500000.0,1
2013,631,82,22000000.0,1
2013,631,383,3500000.0,1
2013,631,985,44730000.0,1
2013,681,418,32000000.0,1
2013,714,2288,2900000.0,1
2013,720,162,70000000.0,2
2013,720,631,3000000.0,1
2013,750,595,1000000.0,1
2013,762,583,25000000.0,1
2013,800,506,4800000.0,1
2013,800,862,800000.0,1
2013,855,244,7500000.0,1
2013,862,252,3000000.0,1
2013,940,31,10800000.0,1
2013,969,1041,2000000.0,1
2013,969,1421,1000000.0,1
2013,984,603,2900000.0,1
2013,984,3008,8500000.0,1
2013,1025,46,8250000.0,2
2013,1025,130,1000000.0,1
2013,1038,5,6000000.0,1
2013,1038,46,13000000.0,1
2013,1038,130,1000000.0,1
2013,1038,276,500000.0,1
2013,1038,506,3500000.0,1
2013,1038,6574,1300000.0,1
2013,1041,180,10000000.0,1
2013,1041,1627,3300000.0,1
2013,1049,148,30000000.0,1
2013,1049,681,3500000.0,1
2013,1050,5,10000000.0,1
2013,1075,162,1500000.0,1
2013,1075,368,2000000.0,1
2013,1082,244,20700000.0,2
2013,1082,583,15000000.0,1
2013,1084,162,5000000.0,1
2013,1084,418,30000000.0,1
2013,1084,430,1800000.0,1
2013,1085,1049,2050000.0,1
2013,1090,289,10000000.0,1
2013,1090,383,8000000.0,1
2013,1123,405,540000.0,1
2013,1158,244,4000000.0,1
2013,1158,618,5000000.0,1
2013,1269,317,650000.0,1
2013,1301,336,1000000.0,1
2013,1304,610,3000000.0,1
2013,1390,6574,800000.0,1
2013,1423,162,4000000.0,1
2013,1423,1041,1000000.0,1
2013,1465,336,800000.0,1
2013,1465,720,2400000.0,2
2013,1627,276,900000.0,1
2013,1627,1210,400000.0,1
2013,2990,1084,500000.0,1
2013,2995,368,1000000.0,1
2013,2995,720,500000.0,1
2013,2995,1084,1250000.0,1
2013,3302,940,1000000.0,1
2013,3368,368,4200000.0,1
2013,3368,1049,420000.0,1
2013,3709,150,2800000.0,1
2013,6195,12,500000.0,1
2013,6195,252,3000000.0,1
2013,6195,583,64500000.0,1
2013,6195,800,4200000.0,1
2013,6574,506,4500000.0,1
2013,14171,244,3200000.0,2
2013,14171,3008,1800000.0,1
2013,16795,410,2800000.0,2
2013,16795,621,2900000.0,1
2014,5,31,20000000.0,1
2014,5,294,5200000.0,1
2014,11,41,2800000.0,1
2014,11,131,19000000.0,1
2014,12,15,7000000.0,1
2014,12,27,28000000.0,1
2014,12,410,900000.0,1
2014,12,800,2500000.0,1
2014,13,631,58000000.0,2
2014,13,720,11000000.0,1
2014,13,1050,5000000.0,1
2014,15,31,12000000.0,1
2014,15,33,2500000.0,1
2014,15,44,900000.0,1
2014,16,44,2500000.0,1
2014,16,167,2000000.0,1
2014,18,127,300000.0,1
2014,18,131,12000000.0,1
2014,18,383,5500000.0,1
2014,24,60,800000.0,1
2014,24,82,2500000.0,1
2014,24,127,150000.0,1
2014,24,533,1900000.0,1
2014,27,13,22000000.0,1
2014,27,40,1000000.0,1
2014,27,418,25000000.0,1
2014,31,5,1300000.0,1
2014,31,27,3000000.0,1
2014,31,131,81720000.0,1
2014,31,873,2000000.0,1
2014,31,1039,1250000.0,1
2014,33,533,6000000.0,1
2014,39,41,4500000.0,1
2014,39,167,1600000.0,1
2014,40,1049,3500000.0,1
2014,41,15,15250000.0,1
2014,41,33,1900000.0,1
2014,41,44,1300000.0,1
2014,41,430,4000000.0,1
2014,42,984,1500000.0,1
2014,44,16,9700000.0,1
2014,44,41,8500000.0,1
2014,44,294,500000.0,1
2014,46,130,5750000.0,1
2014,46,416,4800000.0,1
2014,46,1038,4500000.0,1
2014,46,1390,1000000.0,1
2014,60,16,10000000.0,1
2014,60,273,3100000.0,2
2014,60,533,5500000.0,1
2014,82,24,1500000.0,1
2014,82,41,2000000.0,1
2014,82,44,1500000.0,1
2014,130,3,500000.0,1
2014,130,5,2500000.0,1
2014,130,252,1000000.0,1
2014,130,398,4500000.0,1
2014,130,800,1000000.0,1
2014,130,1390,2100000.0,1
2014,130,1429,5300000.0,4
2014,131,11,42500000.0,1
2014,131,512,1800000.0,1
2014,131,631,33000000.0,1
2014,131,1050,1500000.0,1
2014,133,202,460000.0,1
2014,148,252,2000000.0,1
2014,148,873,3800000.0,1
2014,148,1039,7500000.0,1
2014,148,2288,16700000.0,2
2014,148,3008,11400000.0,2
2014,162,418,75000000.0,1
2014,162,762,6320000.0,1
2014,167,3,1800000.0,1
2014,167,18,2250000.0,1
2014,167,41,2750000.0,1
2014,180,11,20230000.0,1
2014,180,31,61800000.0,3
2014,180,985,37500000.0,1
2014,180,2288,4000000.0,1
2014,200,234,3500000.0,1
2014,202,79,6000000.0,1
2014,202,610,2150000.0,1
2014,234,180,11000000.0,1
2014,234,398,7000000.0,1
2014,234,720,7700000.0,1
2014,234,762,6000000.0,1
2014,244,379,1000000.0,1
2014,244,1158,4000000.0,1
2014,244,1162,500000.0,1
2014,252,506,10600000.0,1
2014,252,862,100000.0,1
2014,252,1429,450000.0,1
2014,252,6574,9300000.0,3
2014,273,162,8000000.0,1
2014,273,244,5000000.0,1
2014,273,16795,2500000.0,1
2014,276,5,550000.0,1
2014,276,12,24500000.0,1
2014,276,1038,400000.0,1
2014,276,1390,2500000.0,1
2014,281,202,225000.0,1
2014,281,289,12500000.0,1
2014,294,13,16000000.0,1
2014,294,31,25000000.0,1
2014,294,60,1500000.0,1
2014,294,162,15750000.0,1
2014,294,1049,25000000.0,1
2014,294,1075,1000000.0,1
2014,306,234,3500000.0,1
2014,306,317,3500000.0,1
2014,306,610,7000000.0,1
2014,306,681,8000000.0,1
2014,317,180,14000000.0,1
2014,336,148,5000000.0,1
2014,336,985,20000000.0,1
2014,347,379,5000000.0,1
2014,347,1041,2650000.0,1
2014,368,31,18000000.0,1
2014,368,39,2200000.0,1
2014,368,131,18000000.0,1
2014,368,148,10000000.0,1
2014,368,252,350000.0,1
2014,379,3008,4400000.0,1
2014,383,167,4000000.0,1
2014,405,234,700000.0,1
2014,410,12,1500000.0,1
2014,410,276,200000.0,1
2014,410,506,1500000.0,1
2014,415,162,13000000.0,1
2014,416,13,14000000.0,1
2014,416,16,18500000.0,1
2014,416,276,360000.0,1
2014,416,862,800000.0,1
2014,417,11,4000000.0,1
2014,417,368,3000000.0,1
2014,418,16,7000000.0,1
2014,418,27,9000000.0,1
2014,418,506,20000000.0,1
2014,418,985,75000000.0,1
2014,418,3368,500000.0,1
2014,430,276,3500000.0,1
2014,430,631,31000000.0,1
2014,430,1038,2350000.0,1
2014,458,506,1500000.0,1
2014,458,3008,12000000.0,1
2014,506,416,3500000.0,1
2014,506,800,2700000.0,1
2014,506,1038,2000000.0,1
2014,506,6574,4500000.0,1
2014,512,1132,1900000.0,1
2014,533,42,5000000.0,1
2014,533,82,1500000.0,1
2014,533,86,4500000.0,1
2014,583,40,700000.0,1
2014,583,1041,1500000.0,1
2014,595,40,2000000.0,1
2014,610,202,800000.0,1
2014,610,234,1000000.0,1
2014,610,762,8700000.0,1
2014,610,985,17500000.0,1
2014,610,1269,500000.0,1
2014,621,985,36000000.0,1
2014,631,5,1000000.0,1
2014,631,29,35360000.0,1
2014,631,82,32000000.0,1
2014,631,180,13300000.0,1
2014,631,289,1900000.0,1
2014,631,583,49500000.0,1
2014,681,13,54000000.0,1
2014,681,24,3200000.0,1
2014,681,131,12000000.0,1
2014,714,1050,5700000.0,1
2014,714,6195,5300000.0,1
2014,720,276,15000000.0,1
2014,720,281,60000000.0,2
2014,720,1049,12000000.0,1
2014,749,506,5000000.0,1
2014,762,11,15000000.0,1
2014,762,12,7350000.0,1
2014,800,5,5300000.0,1
2014,800,506,2000000.0,1
2014,800,1390,1500000.0,1
2014,800,1429,200000.0,2
2014,800,6574,3000000.0,1
2014,826,273,3000000.0,1
2014,862,410,2000000.0,1
2014,862,458,1400000.0,1
2014,873,1038,1800000.0,1
2014,969,148,5900000.0,1
2014,969,762,10000000.0,1
2014,982,273,2190000.0,1
2014,985,11,20000000.0,1
2014,985,16,8000000.0,1
2014,985,294,3000000.0,1
2014,985,506,1900000.0,1
2014,985,873,3800000.0,1
2014,1038,130,2000000.0,1
2014,1038,506,1900000.0,1
2014,1038,1049,8000000.0,1
2014,1038,6195,12500000.0,1
2014,1039,631,13200000.0,1
2014,1039,681,4000000.0,1
2014,1039,873,6340000.0,1
2014,1039,1003,2500000.0,1
2014,1041,336,1000000.0,1
2014,1041,417,500000.0,1
2014,1049,5,4250000.0,1
2014,1049,27,10000000.0,1
2014,1049,131,20000000.0,1
2014,1049,368,2500000.0,1
2014,1049,405,6700000.0,2
2014,1050,11,15000000.0,1
2014,1050,6195,6000000.0,1
2014,1082,31,12630000.0,1
2014,1082,44,1800000.0,1
2014,1082,873,5300000.0,1
2014,1084,13,2000000.0,1
2014,1084,281,8000000.0,1
2014,1084,294,1200000.0,1
2014,1085,1075,500000.0,1
2014,1085,1084,500000.0,1
2014,1090,44,1500000.0,1
2014,1090,610,2000000.0,1
2014,1158,720,12300000.0,1
2014,1268,202,800000.0,1
2014,1269,82,750000.0,1
2014,1269,317,1500000.0,1
2014,1269,610,1000000.0,1
2014,1301,294,2500000.0,1
2014,1390,12,15000000.0,1
2014,1390,252,2000000.0,1
2014,1390,1429,100000.0,1
2014,1421,368,5500000.0,1
2014,1429,130,6600000.0,4
2014,1435,202,260000.0,1
2014,1465,720,2350000.0,1
2014,1465,1390,1300000.0,1
2014,1531,405,6000000.0,1
2014,2288,148,18350000.0,2
2014,2288,281,32300000.0,1
2014,2420,336,1800000.0,1
2014,2420,720,2900000.0,1
2014,3008,180,14900000.0,1
2014,3008,1132,3800000.0,1
2014,3302,368,3000000.0,1
2014,3368,418,10000000.0,1
2014,3709,13,3000000.0,1
2014,6195,41,6000000.0,1
2014,6195,862,300000.0,1
2014,6195,2288,10000000.0,1
2014,6195,6574,1000.0,1
2014,6574,12,6200000.0,1
2014,6574,130,100000.0,1
2014,6574,506,5000000.0,1
2014,6574,862,300000.0,1
2014,14171,969,3000000.0,1
2014,16795,13,10000000.0,1
2014,16795,410,3000000.0,1
2014,16795,720,6500000.0,1
2015,3,86,4500000.0,1
2015,3,148,6000000.0,1
2015,5,368,2500000.0,1
2015,5,749,4000000.0,1
2015,5,800,1000000.0,1
2015,12,5,46000000.0,2
2015,12,276,4000000.0,1
2015,12,410,500000.0,1
2015,12,506,32000000.0,1
2015,12,1010,2500000.0,1
2015,12,1025,8500000.0,1
2015,12,1041,9400000.0,1
2015,12,1082,1000000.0,1
2015,12,6574,3500000.0,1
2015,13,131,34000000.0,1
2015,13,148,16000000.0,1
2015,13,294,22000000.0,1
2015,13,430,5000000.0,1
2015,13,506,19000000.0,1
2015,13,621,10000000.0,1
2015,15,16,11000000.0,1
2015,15,18,10000000.0,1
2015,15,39,1000000.0,1
2015,15,148,30000000.0,1
2015,15,167,3900000.0,2
2015,15,512,3800000.0,1
2015,15,610,2800000.0,1
2015,16,3,3000000.0,1
2015,16,15,11000000.0,1
2015,16,18,8000000.0,1
2015,16,79,3500000.0,1
2015,16,368,11000000.0,1
2015,18,82,12000000.0,1
2015,18,610,2500000.0,1
2015,24,583,9500000.0,1
2015,24,1533,500000.0,1
2015,27,44,500000.0,1
2015,27,46,15000000.0,1
2015,27,82,4500000.0,1
2015,27,289,1000000.0,1
2015,27,985,9000000.0,1
2015,27,6195,2000000.0,1
2015,29,1123,11000000.0,1
2015,31,281,63700000.0,1
2015,31,289,13500000.0,2
2015,31,368,6000000.0,1
2015,31,984,4200000.0,1
2015,33,15,6500000.0,1
2015,33,82,43000000.0,1
2015,33,4795,500000.0,1
2015,39,16,3000000.0,1
2015,39,33,10500000.0,1
2015,39,167,5000000.0,1
2015,39,1003,11000000.0,1
2015,40,289,11800000.0,1
2015,40,368,3500000.0,1
2015,40,762,6000000.0,1
2015,40,995,1000000.0,1
2015,41,15,7500000.0,1
2015,41,940,1800000.0,1
2015,41,1010,3500000.0,1
2015,42,3,2500000.0,1
2015,42,18,3000000.0,1
2015,42,512,8000000.0,1
2015,44,18,4000000.0,1
2015,44,24,120000.0,1
2015,44,105,500000.0,1
2015,46,252,3500000.0,1
2015,46,289,10500000.0,1
2015,46,416,2200000.0,1
2015,46,418,38000000.0,1
2015,46,506,13000000.0,1
2015,46,512,17000000.0,1
2015,46,1025,3500000.0,1
2015,46,1038,2600000.0,1
2015,46,16795,1300000.0,1
2015,79,27,12000000.0,2
2015,79,41,700000.0,1
2015,82,41,3000000.0,1
2015,82,46,19000000.0,1
2015,82,281,76000000.0,1
2015,82,1123,11000000.0,1
2015,86,33,6000000.0,1
2015,131,29,6000000.0,1
2015,131,631,27000000.0,1
2015,131,1050,4000000.0,1
2015,133,202,400000.0,1
2015,133,403,300000.0,1
2015,148,29,6000000.0,1
2015,148,41,6500000.0,1
2015,148,86,330000.0,1
2015,148,289,4300000.0,1
2015,148,583,8600000.0,1
2015,148,762,15700000.0,1
2015,148,1010,8900000.0,1
2015,148,1050,16000000.0,1
2015,148,6195,7000000.0,1
2015,162,13,15000000.0,1
2015,162,46,36000000.0,1
2015,162,244,7500000.0,1
2015,162,383,2400000.0,1
2015,162,583,25000000.0,1
2015,162,800,500000.0,1
2015,162,985,60000000.0,1
2015,162,1049,22000000.0,1
2015,167,631,26000000.0,1
2015,180,31,17700000.0,1
2015,180,985,35000000.0,1
2015,192,200,200000.0,1
2015,202,234,2500000.0,1
2015,234,180,15000000.0,1
2015,234,306,500000.0,1
2015,234,467,100000.0,1
2015,244,150,600000.0,1
2015,244,379,15000000.0,1
2015,244,720,20000000.0,1
2015,244,762,18350000.0,1
2015,252,5,8500000.0,2
2015,252,12,15500000.0,2
2015,252,276,300000.0,1
2015,252,506,9000000.0,1
2015,252,800,2000000.0,1
2015,273,1010,10600000.0,1
2015,276,410,1000000.0,1
2015,281,33,9500000.0,1
2015,281,162,12000000.0,1
2015,281,244,5000000.0,1
2015,281,405,3500000.0,1
2015,281,1049,28000000.0,1
2015,289,873,10000000.0,1
2015,294,162,15000000.0,1
2015,294,897,6500000.0,1
2015,294,1049,65000000.0,3
2015,306,533,2200000.0,1
2015,306,800,1300000.0,1
2015,306,1304,100000.0,1
2015,306,2288,850000.0,1
2015,317,24,2500000.0,1
2015,317,180,1500000.0,1
2015,317,234,1500000.0,1
2015,317,720,10500000.0,1
2015,336,180,7000000.0,1
2015,336,252,1300000.0,1
2015,336,398,2650000.0,1
2015,368,5,33300000.0,1
2015,368,131,17000000.0,1
2015,368,940,5300000.0,1
2015,379,430,2100000.0,1
2015,379,1123,3400000.0,1
2015,383,79,1000000.0,1
2015,383,458,2500000.0,1
2015,383,762,20000000.0,1
2015,383,985,34000000.0,1
2015,398,995,200000.0,1
2015,403,1090,500000.0,1
2015,405,31,46500000.0,1
2015,405,273,1500000.0,1
2015,405,281,11500000.0,1
2015,410,336,3000000.0,1
2015,410,398,10500000.0,1
2015,410,506,15000000.0,1
2015,410,1010,19000000.0,2
2015,410,1038,12000000.0,1
2015,410,6195,11500000.0,1
2015,415,583,10000000.0,1
2015,416,5,450000.0,1
2015,416,985,18000000.0,1
2015,417,405,11000000.0,1
2015,417,618,600000.0,1
2015,417,1082,2400000.0,1
2015,418,681,15000000.0,1
2015,430,13,12000000.0,1
2015,430,150,3000000.0,2
2015,430,410,5250000.0,1
2015,430,749,1300000.0,2
2015,430,1010,5300000.0,1
2015,458,252,500000.0,1
2015,458,276,1000000.0,1
2015,458,416,8400000.0,1
2015,458,506,42000000.0,2
2015,467,1090,1800000.0,1
2015,499,234,3500000.0,1
2015,499,383,4500000.0,1
2015,506,3,1780000.0,1
2015,506,27,39250000.0,1
2015,506,379,11000000.0,1
2015,506,458,1500000.0,1
2015,506,6574,10000000.0,1
2015,512,368,8000000.0,1
2015,512,631,11000000.0,1
2015,512,1003,4200000.0,1
2015,533,3,4500000.0,1
2015,533,24,1500000.0,1
2015,533,31,41000000.0,1
2015,533,41,2500000.0,1
2015,533,416,3100000.0,1
2015,583,873,13900000.0,1
2015,583,1082,1000000.0,1
2015,595,969,1700000.0,1
2015,610,398,3000000.0,1
2015,610,995,3000000.0,1
2015,618,42,3300000.0,1
2015,618,162,5000000.0,1
2015,618,989,10000000.0,1
2015,618,2288,4900000.0,1
2015,631,11,14000000.0,1
2015,631,13,16000000.0,1
2015,631,18,8000000.0,1
2015,631,180,7000000.0,1
2015,631,368,6000000.0,1
2015,642,306,300000.0,1
2015,714,383,3500000.0,1
2015,714,418,7000000.0,2
2015,720,13,35000000.0,1
2015,720,244,1500000.0,1
2015,720,418,31500000.0,1
2015,720,506,26000000.0,1
2015,720,512,24250000.0,1
2015,720,2420,1500000.0,1
2015,749,6195,10500000.0,2
2015,762,46,3700000.0,1
2015,800,416,10300000.0,2
2015,800,1003,7000000.0,1
2015,800,6195,8000000.0,1
2015,855,1041,6000000.0,1
2015,862,800,1200000.0,1
2015,862,1038,3280000.0,1
2015,862,2288,8800000.0,1
2015,873,989,5400000.0,1
2015,940,13,4000000.0,1
2015,940,1049,12000000.0,2
2015,940,1084,500000.0,1
2015,969,458,2000000.0,1
2015,969,1025,2000000.0,1
2015,984,405,1400000.0,1
2015,984,1123,4100000.0,1
2015,985,15,12000000.0,1
2015,985,583,63000000.0,1
2015,985,984,8300000.000000001,1
2015,985,1041,3200000.0,1
2015,995,244,1500000.0,1
2015,995,252,500000.0,1
2015,995,405,10000000.0,1
2015,995,631,3500000.0,1
2015,995,1162,50000.0,1
2015,1038,379,6000000.0,1
2015,1041,148,14100000.0,1
2015,1041,162,3500000.0,1
2015,1041,273,1000000.0,1
2015,1041,940,5000000.0,1
2015,1041,1082,1000000.0,1
2015,1049,281,44500000.0,1
2015,1049,383,2800000.0,1
2015,1049,1050,2700000.0,1
2015,1050,13,20000000.0,1
2015,1050,714,1500000.0,1
2015,1075,1049,9500000.0,1
2015,1075,2288,6700000.0,1
2015,1082,162,14000000.0,1
2015,1082,405,9000000.0,1
2015,1082,618,2000000.0,1
2015,1082,1162,600000.0,1
2015,1084,150,1000000.0,1
2015,1084,180,7000000.0,1
2015,1084,1010,8400000.0,1
2015,1084,1041,13100000.0,1
2015,1084,1050,16000000.0,2
2015,1085,720,1500000.0,1
2015,1090,86,4200000.0,1
2015,1090,167,3000000.0,1
2015,1090,610,6000000.0,1
2015,1090,1010,6500000.0,1
2015,1095,162,4000000.0,1
2015,1095,1158,1800000.0,1
2015,1123,989,9350000.0,1
2015,1158,289,6500000.0,1
2015,1158,405,12000000.0,1
2015,1162,162,4000000.0,1
2015,1162,1003,9000000.0,1
2015,1162,1082,1000000.0,1
2015,1268,234,1500000.0,1
2015,1269,202,1450000.0,1
2015,1269,1090,1500000.0,1
2015,1301,720,9500000.0,3
2015,1304,202,850000.0,1
2015,1304,618,2500000.0,1
2015,1421,1158,1500000.0,1
2015,2288,762,16000000.0,1
2015,2420,13,6000000.0,1
2015,2420,720,1500000.0,1
2015,2425,162,6000000.0,1
2015,2425,294,600000.0,2
2015,2425,336,300000.0,1
2015,2425,1075,700000.0,1
2015,2995,417,1000000.0,1
2015,2995,720,1000000.0,1
2015,2995,1075,400000.0,1
2015,3709,368,3000000.0,1
2015,6195,533,6000000.0,1
2015,6195,1003,7000000.0,1
2015,6574,252,3000000.0,1
2015,6574,506,18000000.0,1
2015,6574,800,3200000.0,1
2015,6574,1025,500000.0,1
2015,8024,415,500000.0,1
2015,16795,46,8000000.0,1
2015,16795,410,1200000.0,1
2015,16795,472,1000000.0,1
2016,3,41,1800000.0,1
2016,3,82,13000000.0,1
2016,3,533,3000000.0,1
2016,5,12,13000000.0,1
2016,5,40,2850000.0,1
2016,5,1025,6400000.0,1
2016,5,6574,1800000.0,1
2016,11,86,5000000.0,1
2016,12,46,7800000.0,1
2016,12,150,7500000.0,1
2016,12,416,15000000.0,2
2016,12,2921,700000.0,2
2016,12,6574,8100000.0,1
2016,13,46,11000000.0,1
2016,13,82,3000000.0,1
2016,13,714,7000000.0,1
2016,13,2288,18000000.0,1
2016,15,18,15000000.0,1
2016,15,39,5000000.0,1
2016,15,60,1200000.0,1
2016,16,27,35000000.0,1
2016,16,82,5000000.0,1
2016,16,281,27000000.0,1
2016,16,398,1500000.0,1
2016,16,985,42000000.0,1
2016,18,11,45000000.0,1
2016,24,41,1300000.0,1
2016,24,60,750000.0,1
2016,24,336,2500000.0,1
2016,27,16,34000000.0,2
2016,27,180,15000000.0,1
2016,29,281,55600000.0,1
2016,29,289,4500000.0,2
2016,31,398,4000000.0,1
2016,31,512,15500000.0,1
2016,31,873,31200000.0,1
2016,31,989,21600000.0,2
2016,33,3,1300000.0,1
2016,33,39,2000000.0,1
2016,33,167,1000000.0,1
2016,33,281,52000000.0,1
2016,33,4795,1500000.0,1
2016,39,3,2750000.0,1
2016,39,15,4000000.0,1
2016,39,31,6200000.0,1
2016,39,82,12500000.0,1
2016,40,244,1500000.0,1
2016,41,533,4700000.0,1
2016,46,252,5800000.0,1
2016,46,1025,2700000.0,1
2016,46,2921,5000000.0,1
2016,60,105,750000.0,1
2016,60,415,2800000.0,1
2016,82,16,30000000.0,1
2016,82,33,2500000.0,1
2016,82,86,7500000.0,1
2016,82,336,11850000.0,1
2016,82,417,2500000.0,1
2016,82,583,36000000.0,1
2016,86,18,12500000.0,1
2016,86,467,100000.0,1
2016,86,1533,1500000.0,1
2016,105,41,800000.0,1
2016,105,458,1500000.0,1
2016,105,533,2800000.0,1
2016,131,16,8000000.0,1
2016,131,41,5000000.0,1
2016,131,281,18000000.0,1
2016,148,984,15200000.0,1
2016,148,2288,5200000.0,1
2016,148,3008,15400000.0,1
2016,150,1050,8000000.0,1
2016,162,415,700000.0,1
2016,162,1082,3500000.0,1
2016,162,4795,3500000.0,1
2016,167,31,5000000.0,1
2016,167,44,2500000.0,1
2016,180,31,41200000.0,1
2016,180,148,14400000.0,1
2016,180,379,9200000.0,1
2016,180,681,5000000.0,1
2016,200,383,4750000.0,1
2016,200,6574,3500000.0,1
2016,202,800,1040000.0,1
2016,234,1269,300000.0,1
2016,244,148,11000000.0,1
2016,244,162,13000000.0,1
2016,244,506,9800000.0,1
2016,244,631,39000000.0,1
2016,244,1010,3600000.0,1
2016,252,12,9000000.0,1
2016,252,46,10500000.0,1
2016,252,416,1300000.0,1
2016,252,506,8000000.0,1
2016,252,6195,18000000.0,1
2016,273,16,35000000.0,1
2016,273,82,5000000.0,1
2016,273,86,1500000.0,1
2016,273,415,1500000.0,1
2016,273,1158,1200000.0,1
2016,273,3008,9000000.0,1
2016,281,12,11000000.0,1
2016,281,46,13500000.0,1
2016,281,681,7000000.0,1
2016,281,1533,1500000.0,1
2016,289,336,4720000.0,1
2016,289,873,10500000.0,1
2016,289,1010,4000000.0,1
2016,289,6195,1500000.0,1
2016,294,13,25000000.0,1
2016,294,27,35000000.0,1
2016,294,583,30000000.0,1
2016,294,1533,1500000.0,1
2016,294,16795,4000000.0,1
2016,317,150,3500000.0,1
2016,317,610,11000000.0,1
2016,331,16,3750000.0,1
2016,336,46,40000000.0,1
2016,336,1003,31000000.0,1
2016,368,13,32000000.0,1
2016,368,18,7500000.0,1
2016,368,33,4000000.0,1
2016,368,398,9450000.0,1
2016,368,583,27500000.0,1
2016,368,2288,5900000.0,1
2016,379,244,29300000.0,1
2016,379,873,11700000.0,1
2016,383,82,11500000.0,1
2016,383,2288,4600000.0,1
2016,398,46,22000000.0,1
2016,398,167,1500000.0,1
2016,398,252,500000.0,1
2016,410,2921,4000000.0,1
2016,410,6195,16000000.0,1
2016,415,368,9500000.0,1
2016,416,162,11000000.0,1
2016,416,458,700000.0,1
2016,416,1038,2750000.0,1
2016,416,2921,100000.0,1
2016,417,1003,15500000.0,1
2016,418,24,1000000.0,1
2016,418,583,25000000.0,1
2016,418,1049,1500000.0,1
2016,418,1050,7000000.0,1
2016,430,82,1050000.0,1
2016,430,631,23000000.0,1
2016,430,1010,2750000.0,1
2016,430,1075,900000.0,1
2016,430,4083,900000.0,2
2016,458,39,2500000.0,1
2016,458,368,16800000.0,1
2016,458,1038,2300000.0,1
2016,458,2921,1000000.0,1
2016,499,430,2900000.0,1
2016,506,418,30000000.0,1
2016,506,749,1500000.0,1
2016,506,985,105000000.0,1
2016,506,1010,13500000.0,1
2016,506,1244,2500000.0,1
2016,506,1390,4590000.0,2
2016,506,2921,2000000.0,1
2016,512,989,2300000.0,1
2016,533,15,20000000.0,1
2016,533,60,2000000.0,1
2016,533,167,5200000.0,1
2016,583,33,8000000.0,1
2016,583,131,16500000.0,1
2016,583,631,35000000.0,1
2016,583,1269,300000.0,1
2016,595,40,2500000.0,1
2016,595,1158,2000000.0,1
2016,610,82,12000000.0,1
2016,610,131,13000000.0,1
2016,610,641,5000000.0,1
2016,610,1082,7000000.0,1
2016,610,1268,200000.0,1
2016,610,2288,2500000.0,1
2016,610,6195,32000000.0,1
2016,618,417,500000.0,1
2016,618,1162,750000.0,1
2016,631,12,15000000.0,1
2016,631,289,9500000.0,1
2016,631,410,4500000.0,1
2016,631,641,6900000.0,1
2016,681,167,4000000.0,1
2016,714,1050,4000000.0,1
2016,714,1533,700000.0,1
2016,720,3008,2500000.0,1
2016,749,6195,10000000.0,1
2016,800,252,4000000.0,1
2016,800,506,19000000.0,1
2016,800,641,10500000.0,1
2016,800,1038,3500000.0,1
2016,855,39,2500000.0,1
2016,862,252,1500000.0,1
2016,873,29,28900000.0,1
2016,873,180,4700000.0,1
2016,897,11,20000000.0,1
2016,940,281,18000000.0,1
2016,969,150,2600000.0,1
2016,969,244,12000000.0,1
2016,969,618,4000000.0,1
2016,969,1420,800000.0,1
2016,982,16795,1000000.0,1
2016,984,512,13900000.0,1
2016,985,29,23000000.0,1
2016,985,289,5250000.0,1
2016,985,1041,16000000.0,1
2016,985,3008,1200000.0,1
2016,1003,533,11000000.0,1
2016,1003,631,35800000.0,1
2016,1003,873,13800000.0,1
2016,1003,1084,2000000.0,1
2016,1010,641,5200000.0,1
2016,1010,714,1200000.0,1
2016,1010,720,6000000.0,1
2016,1010,984,4700000.0,1
2016,1025,416,1980000.0,1
2016,1025,6195,14500000.0,1
2016,1038,12,2800000.0,1
2016,1038,46,9800000.0,1
2016,1038,86,1700000.0,1
2016,1038,294,2660000.0,1
2016,1038,368,18200000.0,1
2016,1038,416,3500000.0,1
2016,1038,862,522000.0,1
2016,1038,1025,6000000.0,1
2016,1038,1050,13750000.0,1
2016,1038,2921,200000.0,1
2016,1038,6574,6000000.0,1
2016,1041,131,25000000.0,1
2016,1041,1084,800000.0,1
2016,1041,1158,1500000.0,1
2016,1049,11,41000000.0,1
2016,1049,131,67000000.0,2
2016,1049,410,10000000.0,1
2016,1049,641,2700000.0,1
2016,1049,714,1000000.0,1
2016,1050,131,3250000.0,1
2016,1050,985,38000000.0,1
2016,1075,294,16000000.0,1
2016,1075,398,8000000.0,1
2016,1075,720,6500000.0,1
2016,1082,3,3800000.0,1
2016,1082,40,3000000.0,1
2016,1082,162,15000000.0,1
2016,1082,180,18700000.0,1
2016,1082,1162,1000000.0,1
2016,1085,294,400000.0,1
2016,1085,1465,100000.0,1
2016,1090,148,22000000.0,1
2016,1090,3008,5300000.0,1
2016,1158,16,12000000.0,1
2016,1158,289,20000000.0,1
2016,1159,162,3000000.0,1
2016,1159,368,5400000.0,1
2016,1159,417,2500000.0,1
2016,1244,1533,200000.0,1
2016,1268,4795,950000.0,1
2016,1304,1090,2850000.0,2
2016,1390,430,3500000.0,1
2016,1390,1025,5000000.0,1
2016,1420,2969,400000.0,1
2016,1435,200,300000.0,1
2016,1465,995,1300000.0,1
2016,1533,1084,5000000.0,1
2016,2288,29,14000000.0,1
2016,2288,379,24100000.0,1
2016,2288,800,6700000.0,1
2016,2288,1082,4500000.0,1
2016,2420,417,2000000.0,1
2016,2420,720,5600000.0,1
2016,2420,1158,2000000.0,1
2016,2425,294,2000000.0,1
2016,2425,1158,1000000.0,1
2016,2503,273,270000.0,1
2016,2503,289,1500000.0,1
2016,2921,5,9500000.0,1
2016,2921,46,8250000.0,1
2016,2921,1038,4100000.0,1
2016,2969,417,1250000.0,1
2016,2995,13,7000000.0,1
2016,3008,379,12000000.0,1
2016,3008,984,11500000.0,1
2016,3325,1075,1770000.0,2
2016,4083,252,250000.0,1
2016,4083,1038,2800000.0,2
2016,4083,6574,4000000.0,1
2016,4795,15,1000000.0,2
2016,4795,86,2500000.0,1
2016,4795,533,800000.0,1
2016,6195,180,17000000.0,1
2016,6195,416,3400000.0,1
2016,6195,506,90000000.0,1
2016,6195,714,4000000.0,1
2016,6195,749,1200000.0,1
2016,6574,13,14000000.0,1
2016,6574,862,600000.0,1
2016,6574,1050,13000000.0,1
2016,8024,995,1100000.0,1
2016,16795,39,6500000.0,1
2016,16795,1010,15000000.0,1
2017,5,506,12000000.0,1
2017,5,800,3180000.0,2
2017,5,1108,2800000.0,1
2017,5,4083,300000.0,1
2017,11,29,22500000.0,1
2017,11,31,38000000.0,1
2017,11,506,16000000.0,1
2017,11,631,17000000.0,1
2017,11,984,7500000.0,1
2017,11,985,34000000.0,1
2017,11,1049,25000000.0,2
2017,12,31,42000000.0,1
2017,12,336,3000000.0,1
2017,12,631,55000000.0,2
2017,12,681,6000000.0,1
2017,12,6195,5750000.0,1
2017,12,6574,12500000.0,3
2017,13,418,24000000.0,1
2017,13,720,20000000.0,1
2017,13,762,5000000.0,1
2017,13,3709,3000000.0,1
2017,15,5,23300000.0,1
2017,15,16,12000000.0,1
2017,15,24,1000000.0,1
2017,15,41,6500000.0,1
2017,15,82,8000000.0,1
2017,15,379,17800000.0,1
2017,15,23826,20000000.0,1
2017,16,11,63750000.0,1
2017,16,15,12500000.0,1
2017,16,18,17000000.0,1
2017,16,60,4000000.0,1
2017,16,131,135000000.0,1
2017,16,150,10500000.0,1
2017,16,940,13000000.0,1
2017,18,16,12000000.0,1
2017,18,41,6000000.0,1
2017,18,42,3000000.0,1
2017,18,533,3000000.0,1
2017,24,33,4500000.0,1
2017,27,506,16700000.0,1
2017,27,862,50000.0,1
2017,29,131,12000000.0,1
2017,29,631,16800000.0,1
2017,29,984,1100000.0,1
2017,29,985,84700000.0,1
2017,29,1010,9300000.0,1
2017,29,1132,1700000.0,1
2017,31,131,135000000.0,1
2017,31,398,5700000.0,1
2017,31,873,28200000.0,1
2017,33,167,750000.0,1
2017,39,3,17000000.0,1
2017,39,60,2300000.0,1
2017,39,472,350000.0,1
2017,40,995,2000000.0,1
2017,40,1162,1500000.0,1
2017,40,1420,7000000.0,2
2017,40,2969,500000.0,1
2017,40,6195,12000000.0,1
2017,41,167,5500000.0,1
2017,44,82,17000000.0,1
2017,44,86,1000000.0,1
2017,46,12,8000000.0,1
2017,46,162,10500000.0,1
2017,46,368,7000000.0,1
2017,46,800,6000000.0,1
2017,46,1025,4000000.0,1
2017,46,1038,20500000.0,2
2017,46,1390,3200000.0,1
2017,46,4171,4280000.0,2
2017,60,16,20000000.0,1
2017,60,18,6000000.0,1
2017,79,3,3000000.0,1
2017,79,39,3000000.0,1
2017,79,3368,600000.0,1
2017,82,3,7000000.0,1
2017,82,5,15000000.0,1
2017,82,79,3000000.0,1
2017,82,244,10000000.0,1
2017,86,27,8000000.0,1
2017,131,150,4000000.0,1
2017,131,583,222000000.0,1
2017,132,200,350000.0,1
2017,148,12,3200000.0,1
2017,148,33,19000000.0,1
2017,148,244,7000000.0,1
2017,148,281,52700000.0,1
2017,148,512,19400000.0,1
2017,150,336,2870000.0,1
2017,150,418,16500000.0,1
2017,150,667,1500000.0,1
2017,150,3709,3100000.0,3
2017,162,39,5000000.0,1
2017,162,180,22000000.0,1
2017,162,244,8000000.0,1
2017,162,281,107500000.0,2
2017,162,415,3500000.0,1
2017,162,417,10000000.0,1
2017,162,631,40000000.0,1
2017,167,15,2000000.0,1
2017,167,18,2000000.0,1
2017,167,79,500000.0,1
2017,167,82,1500000.0,1
2017,180,31,84650000.0,1
2017,180,984,13700000.0,1
2017,192,610,700000.0,1
2017,200,24,12000000.0,1
2017,200,234,4000000.0,1
2017,202,499,1000000.0,1
2017,202,1090,2000000.0,1
2017,234,12,16000000.0,1
2017,234,162,15000000.0,1
2017,234,306,1200000.0,2
2017,244,44,2500000.0,1
2017,252,162,20900000.0,1
2017,252,430,17000000.0,1
2017,252,1244,2500000.0,1
2017,273,24,350000.0,1
2017,273,162,10000000.0,1
2017,273,969,3200000.0,2
2017,273,2969,1500000.0,1
2017,276,398,600000.0,1
2017,276,1025,2000000.0,1
2017,281,12,5000000.0,1
2017,281,276,1250000.0,1
2017,281,368,7000000.0,1
2017,281,1003,27700000.0,1
2017,281,1050,14000000.0,1
2017,281,1108,2000000.0,1
2017,281,1110,9100000.0,1
2017,281,2288,13000000.0,1
2017,294,131,35700000.0,1
2017,294,244,15000000.0,1
2017,294,281,40000000.0,1
2017,294,855,550000.0,1
2017,294,985,35000000.0,1
2017,294,1041,4500000.0,1
2017,294,2420,1750000.0,1
2017,306,234,8800000.0,2
2017,317,1038,1750000.0,1
2017,336,1003,20500000.0,1
2017,336,1010,3000000.0,1
2017,336,1050,14000000.0,1
2017,336,1237,3000000.0,1
2017,336,1533,4000000.0,1
2017,347,24,2700000.0,1
2017,347,273,17000000.0,1
2017,347,3368,1600000.0,1
2017,368,13,35600000.0,1
2017,368,33,12500000.0,1
2017,368,244,6000000.0,1
2017,368,430,2500000.0,1
2017,368,1003,15000000.0,1
2017,379,273,10000000.0,1
2017,379,533,8000000.0,1
2017,379,2288,22800000.0,1
2017,383,12,5700000.0,1
2017,383,24,4500000.0,1
2017,383,132,200000.0,2
2017,383,150,2500000.0,1
2017,383,499,450000.0,1
2017,383,1237,30000000.0,2
2017,398,5,19700000.0,1
2017,398,162,30000000.0,1
2017,398,180,16000000.0,1
2017,398,800,5720000.0,1
2017,403,200,150000.0,1
2017,410,430,3200000.0,1
2017,410,618,2500000.0,1
2017,410,897,4500000.0,1
2017,410,1038,6000000.0,1
2017,410,2722,600000.0,1
2017,416,12,12500000.0,1
2017,416,252,2000000.0,1
2017,416,430,12000000.0,1
2017,416,631,25000000.0,1
2017,416,6195,21000000.0,1
2017,417,3,3000000.0,1
2017,417,46,21000000.0,1
2017,417,430,3500000.0,1
2017,418,281,30000000.0,1
2017,418,631,66000000.0,1
2017,418,681,11000000.0,1
2017,418,1041,8000000.0,1
2017,418,1108,3000000.0,1
2017,430,46,30500000.0,2
2017,430,506,40000000.0,1
2017,430,800,6400000.0,1
2017,430,995,2500000.0,1
2017,468,41,3000000.0,1
2017,468,306,750000.0,1
2017,472,2288,12500000.0,1
2017,499,86,8100000.0,1
2017,499,383,400000.0,1
2017,499,984,7200000.0,1
2017,506,5,42000000.0,1
2017,506,27,21000000.0,1
2017,506,79,4000000.0,1
2017,506,180,17250000.0,1
2017,506,800,5000000.0,1
2017,506,1049,23000000.0,2
2017,506,1390,7400000.0,1
2017,506,2722,2000000.0,1
2017,506,6574,14000000.0,2
2017,512,347,2500000.0,1
2017,512,379,22300000.0,1
2017,512,762,5500000.0,1
2017,512,1132,3140000.0,2
2017,533,16,7000000.0,1
2017,533,27,33000000.0,2
2017,533,60,2500000.0,1
2017,533,897,3000000.0,1
2017,583,40,4000000.0,1
2017,583,148,53400000.0,2
2017,583,506,25000000.0,1
2017,583,23826,16000000.0,1
2017,610,29,27000000.0,1
2017,610,148,42000000.0,1
2017,610,873,9000000.0,1
2017,610,1041,4000000.0,1
2017,618,430,3000000.0,1
2017,618,1082,9000000.0,1
2017,621,281,65000000.0,1
2017,631,13,60000000.0,1
2017,631,506,20000000.0,1
2017,631,762,7500000.0,1
2017,631,985,44700000.0,1
2017,631,989,34300000.0,2
2017,631,1010,6300000.0,1
2017,631,1041,10000000.0,1
2017,667,417,2000000.0,1
2017,681,583,16000000.0,1
2017,681,621,32000000.0,1
2017,714,398,2500000.0,1
2017,714,1050,1500000.0,1
2017,714,1108,400000.0,1
2017,714,1533,3800000.0,1
2017,720,5,38000000.0,1
2017,720,512,7700000.0,1
2017,720,1050,2000000.0,1
2017,720,1110,3800000.0,1
2017,762,244,11000000.0,1
2017,762,347,1100000.0,1
2017,762,610,2300000.0,1
2017,800,5,24000000.0,1
2017,800,46,51600000.0,2
2017,800,1416,130000.0,1
2017,855,40,600000.0,1
2017,855,1162,500000.0,1
2017,862,2722,1000000.0,1
2017,862,6195,12000000.0,1
2017,873,244,3000000.0,1
2017,897,33,3500000.0,1
2017,940,1041,10000000.0,1
2017,940,1049,3000000.0,1
2017,969,150,7000000.0,1
2017,969,1110,13000000.0,1
2017,979,294,150000.0,1
2017,979,3368,2900000.0,1
2017,985,11,34000000.0,1
2017,985,681,8500000.0,1
2017,995,33,8000000.0,1
2017,1003,79,4000000.0,1
2017,1003,631,37900000.0,1
2017,1010,234,6500000.0,1
2017,1010,410,2000000.0,1
2017,1010,897,1000000.0,1
2017,1038,46,34000000.0,1
2017,1038,336,9700000.0,1
2017,1038,368,24500000.0,1
2017,1038,1390,2260000.0,1
2017,1041,11,53000000.0,1
2017,1041,12,5000000.0,1
2017,1041,27,41500000.0,1
2017,1049,714,1300000.0,1
2017,1049,1237,6000000.0,1
2017,1049,1533,750000.0,1
2017,1050,5,18000000.0,1
2017,1075,336,4500000.0,1
2017,1075,1082,5000000.0,1
2017,1082,40,8000000.0,1
2017,1082,368,5000000.0,1
2017,1082,1041,11000000.0,1
2017,1082,1420,2000000.0,1
2017,1084,29,6000000.0,1
2017,1084,40,1000000.0,1
2017,1084,82,14000000.0,1
2017,1084,1050,12000000.0,1
2017,1085,294,700000.0,2
2017,1090,234,6000000.0,1
2017,1090,306,1000000.0,1
2017,1090,383,5000000.0,1
2017,1108,150,2500000.0,1
2017,1110,1132,5400000.0,1
2017,1132,29,28500000.0,1
2017,1132,1010,20400000.0,1
2017,1162,417,6000000.0,1
2017,1301,1075,3546000.0,3
2017,1304,533,2700000.0,1
2017,1304,800,1170000.0,1
2017,1304,4171,2000000.0,1
2017,1390,276,300000.0,1
2017,1390,506,4500000.0,1
2017,1390,1038,9000000.0,1
2017,1390,2722,1000000.0,1
2017,1420,1082,18000000.0,1
2017,1465,79,2500000.0,1
2017,1465,336,2000000.0,1
2017,1533,762,10000000.0,1
2017,2288,29,49400000.0,1
2017,2288,148,15100000.0,1
2017,2288,1132,9100000.0,1
2017,2420,430,4000000.0,1
2017,2420,1416,2000000.0,1
2017,2425,294,3500000.0,1
2017,2425,336,400000.0,1
2017,2969,417,4000000.0,1
2017,2969,618,10000000.0,1
2017,3349,720,1000000.0,1
2017,3368,150,7000000.0,1
2017,6195,24,1000000.0,1
2017,6195,1038,1200000.0,1
2017,6195,1390,9800000.0,1
2017,6574,12,10000000.0,1
2017,6574,4171,1000000.0,1
2017,7378,336,2500000.0,1
2017,23826,44,8000000.0,1
2017,23826,984,15200000.0,1
2018,5,13,14500000.0,1
2018,5,252,11000000.0,1
2018,5,416,12000000.0,1
2018,5,506,35000000.0,1
2018,5,1050,7000000.0,1
2018,11,379,4400000.0,1
2018,11,8970,1500000.0,1
2018,12,31,62500000.0,1
2018,12,46,38000000.0,1
2018,12,244,25000000.0,1
2018,12,252,1500000.0,1
2018,12,800,5000000.0,1
2018,12,1025,9200000.0,2
2018,13,543,35000000.0,2
2018,13,1049,16000000.0,1
2018,15,11,25000000.0,1
2018,15,162,20000000.0,1
2018,16,11,16000000.0,1
2018,16,79,5000000.0,1
2018,16,86,1000000.0,1
2018,16,379,20000000.0,1
2018,16,631,64000000.0,1
2018,16,762,7000000.0,1
2018,18,180,25000000.0,1
2018,18,533,5500000.0,1
2018,24,16,5000000.0,1
2018,24,418,4000000.0,1
2018,27,33,16000000.0,1
2018,27,131,18000000.0,1
2018,27,506,40000000.0,1
2018,27,583,5000000.0,1
2018,29,86,13500000.0,1
2018,29,1050,9000000.0,1
2018,31,989,21200000.0,1
2018,31,1003,14000000.0,1
2018,31,1390,1520000.0,1
2018,33,162,2000000.0,1
2018,33,583,37000000.0,1
2018,33,3368,1500000.0,1
2018,39,16,28000000.0,1
2018,39,33,11000000.0,1
2018,39,762,10700000.0,1
2018,39,1110,2500000.0,1
2018,39,1533,2000000.0,1
2018,40,131,41000000.0,1
2018,40,969,3000000.0,1
2018,42,24,500000.0,1
2018,42,33,7000000.0,1
2018,42,82,3000000.0,1
2018,42,86,2250000.0,1
2018,44,15,12000000.0,1
2018,44,42,4500000.0,1
2018,46,12,14000000.0,2
2018,46,130,1500000.0,1
2018,46,252,6000000.0,1
2018,46,800,12000000.0,2
2018,46,1049,34000000.0,2
2018,46,6574,5000000.0,1
2018,46,8970,1000000.0,1
2018,60,1003,21100000.0,1
2018,79,38,900000.0,1
2018,79,82,14000000.0,1
2018,82,79,4000000.0,1
2018,86,16,20000000.0,1
2018,86,60,1300000.0,1
2018,86,200,600000.0,1
2018,131,29,50450000.0,2
2018,131,150,6000000.0,1
2018,131,368,10350000.0,2
2018,131,1010,13000000.0,1
2018,131,6574,12000000.0,1
2018,150,13,1000000.0,1
2018,150,398,7500000.0,1
2018,150,430,9750000.0,1
2018,150,6195,30000000.0,1
2018,162,13,72000000.0,1
2018,162,24,750000.0,1
2018,162,31,45000000.0,1
2018,162,416,11500000.0,1
2018,162,543,7850000.0,2
2018,162,583,145000000.0,1
2018,162,1003,14000000.0,1
2018,162,1110,30000000.0,2
2018,180,610,13700000.0,1
2018,180,1038,11900000.0,1
2018,200,610,6000000.0,1
2018,202,1110,2500000.0,1
2018,234,39,3500000.0,1
2018,234,200,1000000.0,1
2018,234,1090,1250000.0,1
2018,234,1269,300000.0,1
2018,244,618,6000000.0,1
2018,244,931,24850000.0,1
2018,252,5,54000000.0,2
2018,252,416,10700000.0,1
2018,252,506,14200000.0,1
2018,252,1160,150000.0,1
2018,252,8970,1500000.0,1
2018,273,368,13500000.0,1
2018,273,415,5000000.0,1
2018,281,79,9000000.0,1
2018,281,180,11300000.0,1
2018,281,418,17000000.0,1
2018,281,1041,10000000.0,1
2018,281,1132,3900000.0,1
2018,294,800,9500000.0,1
2018,306,383,5500000.0,1
2018,306,1421,4000000.0,1
2018,336,13,22000000.0,1
2018,336,150,16000000.0,1
2018,336,543,18000000.0,1
2018,336,1049,8000000.0,1
2018,367,940,8000000.0,1
2018,367,12321,5000000.0,1
2018,368,12,26650000.0,1
2018,368,131,35900000.0,1
2018,368,398,17850000.0,1
2018,368,3709,3000000.0,1
2018,379,873,10700000.0,1
2018,379,1010,1100000.0,1
2018,383,13,11000000.0,1
2018,383,533,3500000.0,1
2018,383,1090,1800000.0,1
2018,398,379,38000000.0,1
2018,410,995,3000000.0,1
2018,410,8970,500000.0,1
2018,415,131,1000000.0,1
2018,415,379,25000000.0,1
2018,415,430,8000000.0,1
2018,416,162,10000000.0,1
2018,416,749,1000000.0,1
2018,416,862,2000000.0,1
2018,416,2722,2500000.0,2
2018,417,18,23000000.0,1
2018,417,931,34000000.0,2
2018,418,24,3500000.0,1
2018,418,33,10000000.0,1
2018,418,60,2000000.0,1
2018,418,506,117000000.0,1
2018,430,5,22500000.0,1
2018,430,24,4500000.0,1
2018,430,336,4500000.0,1
2018,430,862,1300000.0,1
2018,430,6574,7000000.0,1
2018,499,306,500000.0,1
2018,506,5,36870000.0,1
2018,506,410,20000000.0,1
2018,506,416,5900000.0,1
2018,506,749,500000.0,1
2018,506,6574,5000000.0,1
2018,543,1162,500000.0,1
2018,583,12,24700000.0,1
2018,583,40,5500000.0,1
2018,583,621,24000000.0,1
2018,583,1049,40000000.0,1
2018,583,1082,5000000.0,1
2018,610,12,17250000.0,1
2018,610,202,300000.0,1
2018,618,162,6000000.0,1
2018,618,720,2200000.0,1
2018,618,1420,1000000.0,1
2018,621,631,80000000.0,1
2018,631,162,9000000.0,1
2018,631,418,35000000.0,1
2018,667,162,14000000.0,1
2018,681,418,30000000.0,1
2018,714,1010,2000000.0,1
2018,714,1050,20000000.0,1
2018,720,24,3000000.0,1
2018,720,543,12000000.0,1
2018,720,985,22000000.0,1
2018,720,1003,22000000.0,1
2018,720,1050,4000000.0,1
2018,720,2420,1280000.0,1
2018,720,7378,2520000.0,1
2018,749,430,17600000.0,3
2018,762,667,4000000.0,1
2018,762,681,12000000.0,1
2018,762,720,4660000.0,1
2018,762,931,24700000.0,1
2018,798,1269,750000.0,1
2018,800,2722,9300000.0,2
2018,855,273,4000000.0,1
2018,862,252,5000000.0,1
2018,862,1390,6200000.0,2
2018,931,1237,4500000.0,1
2018,940,13,7000000.0,1
2018,940,368,5500000.0,1
2018,940,714,10000000.0,1
2018,940,1049,6000000.0,1
2018,940,1108,4000000.0,1
2018,969,82,5000000.0,1
2018,969,1162,2000000.0,1
2018,969,23826,16000000.0,1
2018,979,294,2540000.0,1
2018,985,610,16000000.0,1
2018,989,415,2000000.0,1
2018,989,543,11400000.0,1
2018,995,603,17000000.0,1
2018,995,862,2500000.0,1
2018,995,1162,2700000.0,1
2018,1003,281,67800000.0,1
2018,1003,1050,10000000.0,1
2018,1010,29,39200000.0,1
2018,1025,12,4000000.0,1
2018,1025,1010,5000000.0,1
2018,1025,6195,24500000.0,1
2018,1025,6574,7450000.0,1
2018,1038,11,28650000.0,1
2018,1038,12,42000000.0,1
2018,1038,336,1900000.0,1
2018,1041,39,8000000.0,1
2018,1041,162,20000000.0,1
2018,1041,273,2000000.0,1
2018,1041,416,3500000.0,1
2018,1041,417,10000000.0,1
2018,1041,418,21500000.0,1
2018,1041,714,8000000.0,1
2018,1041,1049,15000000.0,1
2018,1049,506,40400000.0,1
2018,1049,1237,7000000.0,1
2018,1049,1533,2000000.0,1
2018,1049,3709,10000000.0,1
2018,1050,5,21300000.0,1
2018,1050,13,20000000.0,1
2018,1075,417,10000000.0,1
2018,1075,3368,8900000.0,1
2018,1082,33,6000000.0,1
2018,1082,162,11000000.0,1
2018,1082,368,14400000.0,1
2018,1082,667,4000000.0,1
2018,1082,1237,16900000.0,1
2018,1082,2969,2000000.0,1
2018,1082,6195,12000000.0,1
2018,1085,3325,150000.0,1
2018,1090,82,10500000.0,1
2018,1090,200,700000.0,1
2018,1090,1237,19000000.0,1
2018,1108,621,4000000.0,1
2018,1108,1049,5000000.0,1
2018,1162,46,6500000.0,1
2018,1244,294,9600000.0,1
2018,1244,989,15000000.0,1
2018,1268,1090,2300000.0,1
2018,1269,281,2500000.0,1
2018,1269,383,2750000.0,1
2018,1390,1038,100000.0,1
2018,1390,2722,2000000.0,1
2018,1390,8970,1860000.0,2
2018,1416,855,1000000.0,1
2018,1416,1041,8000000.0,1
2018,1416,1420,1000000.0,1
2018,1420,1050,18000000.0,1
2018,1420,1162,3000000.0,1
2018,1421,273,9000000.0,1
2018,1426,1269,1000000.0,2
2018,1533,367,750000.0,1
2018,1533,621,3000000.0,1
2018,1533,3709,4000000.0,1
2018,2420,336,6500000.0,1
2018,2420,379,1500000.0,1
2018,2420,1421,4000000.0,1
2018,2423,720,1500000.0,1
2018,2425,162,7200000.0,1
2018,2425,1075,1500000.0,1
2018,2503,2420,400000.0,1
2018,2969,415,4000000.0,1
2018,3325,2420,800000.0,1
2018,3336,2420,700000.0,1
2018,3368,989,28000000.0,1
2018,3709,367,500000.0,1
2018,3709,1162,1500000.0,1
2018,6195,130,1300000.0,1
2018,6195,631,57000000.0,1
2018,6195,1038,18500000.0,1
2018,6574,12,15000000.0,1
2018,6574,398,12000000.0,1
2018,6574,1025,7000000.0,1
2018,6574,8970,1100000.0,1
2018,7179,720,2000000.0,1
2018,7378,720,13500000.0,4
2018,12321,366,1000000.0,1
2018,23826,31,60000000.0,1
2018,23826,1237,10000000.0,1
2019,3,1416,6000000.0,1
2019,5,44,24000000.0,1
2019,5,543,18000000.0,1
2019,5,6574,14000000.0,1
2019,11,29,30400000.0,1
2019,11,40,5000000.0,1
2019,11,681,250000.0,1
2019,11,6195,3500000.0,1
2019,12,506,22000000.0,1
2019,12,720,3080000.0,1
2019,12,6195,36000000.0,1
2019,13,27,80000000.0,1
2019,13,131,120000000.0,1
2019,13,162,30000000.0,1
2019,13,281,62700000.0,1
2019,13,336,11000000.0,1
2019,15,16,25000000.0,1
2019,15,24,8500000.0,1
2019,16,24,4000000.0,1
2019,16,294,20000000.0,1
2019,16,533,9000000.0,1
2019,16,583,32000000.0,1
2019,16,681,15000000.0,1
2019,16,1050,23000000.0,1
2019,18,16,25500000.0,1
2019,18,27,8000000.0,1
2019,19,1005,100000.0,1
2019,24,379,50000000.0,1
2019,24,418,63000000.0,1
2019,27,16,30500000.0,1
2019,27,86,3500000.0,1
2019,27,1082,20000000.0,1
2019,29,162,13500000.0,1
2019,29,583,30000000.0,1
2019,29,873,3300000.0,1
2019,29,23826,18000000.0,1
2019,31,180,25100000.0,1
2019,33,18,11000000.0,1
2019,38,33,10000000.0,1
2019,39,29,25000000.0,1
2019,39,89,2000000.0,1
2019,40,162,18000000.0,1
2019,40,252,6000000.0,1
2019,40,368,25000000.0,1
2019,40,618,2000000.0,1
2019,44,46,22400000.0,1
2019,46,130,4000000.0,1
2019,46,252,8000000.0,1
2019,46,416,2500000.0,1
2019,46,6574,3000000.0,1
2019,60,167,2500000.0,1
2019,82,60,2500000.0,1
2019,82,499,1500000.0,1
2019,89,167,1000000.0,1
2019,127,33,2500000.0,1
2019,130,46,6000000.0,1
2019,130,276,400000.0,1
2019,131,16,21000000.0,1
2019,131,29,25000000.0,1
2019,131,331,2500000.0,1
2019,131,618,2000000.0,1
2019,131,940,12900000.0,1
2019,131,1049,35000000.0,1
2019,131,1533,2000000.0,1
2019,148,13,22000000.0,1
2019,148,46,27000000.0,1
2019,150,12,23500000.0,1
2019,150,131,20000000.0,1
2019,150,331,1000000.0,1
2019,150,618,3500000.0,1
2019,150,1533,2000000.0,1
2019,150,3368,4000000.0,1
2019,162,39,5500000.0,1
2019,162,368,25000000.0,1
2019,162,1003,45000000.0,1
2019,162,3911,3500000.0,2
2019,167,24,9000000.0,1
2019,167,60,4000000.0,1
2019,167,89,2000000.0,1
2019,180,405,15500000.0,1
2019,202,383,7500000.0,1
2019,202,1038,3700000.0,1
2019,234,39,8000000.0,1
2019,244,368,15000000.0,1
2019,252,46,20600000.0,2
2019,252,506,26000000.0,1
2019,252,1005,500000.0,1
2019,252,6195,750000.0,1
2019,252,6574,7000000.0,1
2019,273,18,8000000.0,1
2019,273,167,7500000.0,1
2019,273,331,2000000.0,1
2019,273,1010,30000000.0,1
2019,273,1082,7000000.0,1
2019,276,430,19500000.0,1
2019,276,2722,6500000.0,2
2019,276,6195,14200000.0,1
2019,281,29,9500000.0,1
2019,281,405,16800000.0,1
2019,281,506,37000000.0,1
2019,294,13,127200000.0,1
2019,294,24,22340000.0,1
2019,294,276,3500000.0,1
2019,294,543,38000000.0,1
2019,294,714,22500000.0,1
2019,306,610,5000000.0,1
2019,336,24,7000000.0,1
2019,336,273,21000000.0,1
2019,336,985,63000000.0,1
2019,336,1049,12000000.0,1
2019,336,1244,2700000.0,1
2019,336,2425,1000000.0,1
2019,336,16795,3000000.0,1
2019,366,714,8000000.0,1
2019,368,162,40000000.0,1
2019,368,533,12000000.0,1
2019,368,583,18000000.0,1
2019,368,610,15700000.0,1
2019,368,800,21200000.0,1
2019,368,16795,1000000.0,1
2019,379,39,7500000.0,1
2019,379,167,2000000.0,1
2019,379,368,7750000.0,1
2019,379,1108,2300000.0,1
2019,379,1123,830000.0,1
2019,379,6574,7250000.0,1
2019,383,148,30000000.0,1
2019,383,281,12000000.0,1
2019,383,368,12500000.0,1
2019,383,1269,350000.0,1
2019,383,1390,4600000.0,1
2019,383,6195,35000000.0,1
2019,398,130,3000000.0,1
2019,398,543,26800000.0,2
2019,398,2722,4000000.0,1
2019,410,995,1200000.0,1
2019,410,1010,8500000.0,1
2019,410,1025,415000.0,1
2019,410,1038,14500000.0,1
2019,410,6195,27500000.0,2
2019,410,16795,5000000.0,1
2019,415,969,4500000.0,1
2019,415,1416,1650000.0,1
2019,416,273,15000000.0,1
2019,417,383,2000000.0,1
2019,417,762,18000000.0,1
2019,417,3911,2000000.0,1
2019,418,5,21500000.0,1
2019,418,13,30000000.0,1
2019,418,294,20000000.0,1
2019,418,583,15000000.0,1
2019,418,631,45000000.0,1
2019,430,130,440000.0,1
2019,506,12,29500000.0,1
2019,506,29,27500000.0,1
2019,506,252,23500000.0,2
2019,506,276,450000.0,1
2019,506,281,65000000.0,1
2019,506,1025,15000000.0,1
2019,506,1038,20000000.0,1
2019,506,1390,9000000.0,1
2019,506,6574,6950000.0,1
2019,533,15,41000000.0,2
2019,533,16,25500000.0,1
2019,533,60,7000000.0,1
2019,533,762,44000000.0,1
2019,533,1123,500000.0,1
2019,543,405,3400000.0,1
2019,583,15,15000000.0,1
2019,583,24,7000000.0,1
2019,583,150,22000000.0,1
2019,583,162,10000000.0,1
2019,583,417,12500000.0,1
2019,583,1082,10000000.0,1
2019,583,23826,13000000.0,1
2019,610,15,5000000.0,1
2019,610,131,86000000.0,1
2019,610,200,900000.0,1
2019,610,252,1500000.0,1
2019,610,368,10500000.0,1
2019,610,417,20500000.0,1
2019,610,506,85500000.0,1
2019,610,1090,2000000.0,1
2019,618,11,30000000.0,1
2019,618,347,1000000.0,1
2019,631,11,8700000.0,1
2019,631,416,9800000.0,1
2019,631,418,115000000.0,1
2019,631,1244,5000000.0,1
2019,667,162,15000000.0,1
2019,667,273,4000000.0,1
2019,681,150,8000000.0,1
2019,714,13,25000000.0,1
2019,714,39,6000000.0,1
2019,714,150,28000000.0,1
2019,720,13,20000000.0,1
2019,720,368,11000000.0,1
2019,720,418,50000000.0,1
2019,720,1075,3500000.0,1
2019,762,1003,33400000.0,1
2019,762,1108,2240000.0,1
2019,800,5,24000000.0,1
2019,800,12,22000000.0,1
2019,800,252,100000000.0,1
2019,800,276,500000.0,1
2019,800,506,35000000.0,1
2019,800,2722,12000000.0,1
2019,873,985,55000000.0,1
2019,940,331,250000.0,1
2019,940,1049,14500000.0,1
2019,940,6195,20900000.0,1
2019,969,3,6000000.0,1
2019,969,162,21500000.0,2
2019,979,294,5250000.0,1
2019,985,46,75700000.0,2
2019,985,130,2480000.0,1
2019,989,350,11100000.0,1
2019,989,405,22300000.0,1
2019,995,244,13000000.0,1
2019,995,368,15000000.0,1
2019,995,416,3000000.0,1
2019,1003,985,87000000.0,1
2019,1010,44,20000000.0,1
2019,1010,410,2000000.0,1
2019,1025,410,1500000.0,1
2019,1025,430,12300000.0,1
2019,1025,1038,3600000.0,1
2019,1025,1416,2000000.0,1
2019,1038,38,6750000.0,1
2019,1038,800,12000000.0,1
2019,1038,1003,19200000.0,1
2019,1038,1041,24000000.0,1
2019,1041,44,25000000.0,1
2019,1041,148,60000000.0,1
2019,1041,150,19750000.0,1
2019,1041,418,48000000.0,1
2019,1041,969,2000000.0,1
2019,1049,131,26000000.0,1
2019,1049,416,12000000.0,1
2019,1049,1038,13300000.0,1
2019,1049,3368,5000000.0,1
2019,1050,379,28000000.0,1
2019,1050,1025,16000000.0,2
2019,1050,1049,6000000.0,1
2019,1075,398,16300000.0,2
2019,1075,720,7500000.0,1
2019,1082,5,29500000.0,1
2019,1082,11,80000000.0,1
2019,1082,405,9000000.0,1
2019,1082,1041,31000000.0,2
2019,1082,2969,1500000.0,1
2019,1085,294,2500000.0,1
2019,1108,162,18000000.0,1
2019,1123,127,200000.0,1
2019,1132,405,8800000.0,1
2019,1160,618,4500000.0,1
2019,1160,969,9500000.0,1
2019,1160,1420,5000000.0,2
2019,1237,19,1800000.0,1
2019,1244,131,18000000.0,1
2019,1244,368,20000000.0,1
2019,1244,16795,250000.0,1
2019,1269,3,2000000.0,1
2019,1269,31,1900000.0,1
2019,1283,610,1500000.0,1
2019,1304,200,700000.0,1
2019,1304,800,4600000.0,1
2019,1416,762,5400000.0,1
2019,1420,273,9000000.0,1
2019,1420,1041,25000000.0,1
2019,1421,40,10000000.0,1
2019,1421,273,7600000.0,1
2019,1421,405,8000000.0,1
2019,1533,131,4000000.0,1
2019,1533,366,1000000.0,1
2019,1533,368,14000000.0,1
2019,1533,1050,8000000.0,1
2019,2420,15,18000000.0,1
2019,2424,1075,1250000.0,1
2019,2425,1082,6000000.0,1
2019,2457,1082,3000000.0,1
2019,2722,398,15000000.0,1
2019,2722,2969,1000000.0,1
2019,2722,6195,18050000.0,2
2019,2969,60,2000000.0,1
2019,2969,336,5000000.0,1
2019,2969,415,8000000.0,1
2019,3368,331,3500000.0,1
2019,3368,667,1000000.0,1
2019,3368,714,1500000.0,1
2019,3368,3709,8000000.0,1
2019,3709,331,2000000.0,1
2019,3709,714,9000000.0,1
2019,6195,12,21000000.0,1
2019,6195,294,17000000.0,1
2019,6195,1050,4000000.0,1
2019,6574,46,21100000.0,1
2019,6574,276,1000000.0,1
2019,6574,430,1500000.0,1
2019,6574,506,18000000.0,1
2019,7179,1075,400000.0,1
2019,23826,24,500000.0,1
2019,23826,44,18000000.0,1
2019,23826,383,12000000.0,1
2019,23826,6195,10250000.0,1
2020,3,44,15000000.0,1
2020,5,24,3000000.0,1
2020,5,368,21000000.0,1
2020,5,416,1950000.0,1
2020,5,1041,20000000.0,1
2020,11,405,17400000.0,1
2020,12,15,26500000.0,1
2020,12,46,1500000.0,1
2020,12,6574,10000000.0,1
2020,12,16795,4000000.0,1
2020,13,11,50000000.0,1
2020,13,162,8000000.0,1
2020,13,276,1800000.0,1
2020,15,162,11000000.0,1
2020,15,631,80000000.0,1
2020,16,86,4000000.0,1
2020,24,5,6700000.0,1
2020,24,331,2000000.0,1
2020,24,533,3000000.0,1
2020,27,31,22000000.0,1
2020,29,417,2230000.0,1
2020,33,5358,250000.0,1
2020,39,82,10000000.0,1
2020,40,1160,1500000.0,1
2020,40,1420,7500000.0,1
2020,44,3,7000000.0,1
2020,44,368,2000000.0,1
2020,46,130,8000000.0,1
2020,46,252,19500000.0,1
2020,46,583,50000000.0,1
2020,46,1038,400000.0,1
2020,60,44,7000000.0,1
2020,60,79,1300000.0,1
2020,60,294,15000000.0,1
2020,60,399,13000000.0,1
2020,79,1421,4000000.0,1
2020,82,167,7000000.0,1
2020,86,610,11700000.0,1
2020,89,3,6500000.0,1
2020,131,12,12500000.0,1
2020,131,13,7000000.0,1
2020,131,368,3500000.0,1
2020,131,506,72000000.0,1
2020,131,543,32000000.0,1
2020,131,583,1500000.0,1
2020,131,3709,11800000.0,1
2020,148,180,13300000.0,1
2020,150,148,32000000.0,1
2020,150,336,3800000.0,1
2020,150,416,7000000.0,1
2020,162,347,4500000.0,1
2020,162,2420,1200000.0,1
2020,162,4171,3000000.0,1
2020,167,383,8000000.0,1
2020,180,148,16600000.000000002,1
2020,180,931,6500000.0,1
2020,200,202,600000.0,1
2020,200,610,4250000.0,1
2020,202,24,1000000.0,1
2020,202,44,4000000.0,1
2020,244,27,8000000.0,1
2020,244,405,15800000.0,1
2020,252,46,21000000.0,1
2020,252,276,2000000.0,1
2020,252,366,250000.0,1
2020,252,430,11000000.0,1
2020,252,506,22500000.0,1
2020,252,4171,4000000.0,1
2020,273,399,18600000.0,1
2020,273,417,1000000.0,1
2020,273,533,750000.0,1
2020,273,631,24000000.0,1
2020,273,1158,3000000.0,1
2020,273,1420,3000000.0,1
2020,273,2420,300000.0,1
2020,276,4083,1000000.0,1
2020,281,27,60000000.0,1
2020,281,294,15000000.0,1
2020,281,931,1650000.0,1
2020,294,281,68000000.0,1
2020,294,3329,1000000.0,1
2020,317,403,50000.0,1
2020,336,368,11250000.0,1
2020,336,984,8250000.0,1
2020,336,1075,3000000.0,1
2020,347,667,10000000.0,1
2020,366,180,12000000.0,1
2020,368,5,3680000.0,1
2020,368,583,6000000.0,1
2020,368,681,10000000.0,1
2020,379,610,22500000.0,1
2020,379,984,13610000.0,2
2020,383,403,200000.0,1
2020,383,800,7000000.0,1
2020,383,3522,1500000.0,1
2020,385,234,1200000.0,1
2020,398,252,1950000.0,1
2020,398,1421,4500000.0,1
2020,403,202,375000.0,1
2020,410,130,5750000.0,1
2020,410,276,800000.0,1
2020,410,506,10700000.0,1
2020,410,826,8500000.0,1
2020,416,621,12000000.0,1
2020,416,6195,1500000.0,1
2020,417,276,3500000.0,1
2020,417,410,3500000.0,1
2020,417,826,6000000.0,1
2020,417,1160,1500000.0,1
2020,417,3911,4000000.0,1
2020,418,46,43000000.0,1
2020,418,148,30000000.0,1
2020,418,366,3000000.0,1
2020,418,368,13500000.0,1
2020,418,3368,4000000.0,2
2020,418,16795,2500000.0,1
2020,430,12,17500000.0,1
2020,430,1390,13000000.0,1
2020,430,4171,500000.0,1
2020,468,24,2000000.0,1
2020,506,16,25000000.0,1
2020,506,131,60000000.0,1
2020,506,252,10000000.0,1
2020,506,800,7000000.0,1
2020,506,1038,1000000.0,1
2020,533,24,3000000.0,1
2020,533,79,7200000.0,1
2020,533,86,7000000.0,1
2020,543,31,44700000.0,1
2020,543,148,16800000.0,1
2020,543,399,17700000.0,1
2020,610,131,21000000.0,1
2020,610,631,40000000.0,1
2020,610,985,39000000.0,1
2020,610,1237,1000000.0,1
2020,618,347,3000000.0,1
2020,618,1003,35000000.0,1
2020,618,3911,5000000.0,1
2020,631,13,35000000.0,1
2020,631,800,14500000.0,1
2020,681,331,250000.0,1
2020,681,399,20000000.0,1
2020,681,1050,5000000.0,1
2020,720,130,4100000.0,1
2020,720,366,1900000.0,1
2020,720,543,40000000.0,1
2020,720,985,15000000.0,1
2020,720,2420,250000.0,1
2020,800,12,21000000.0,1
2020,800,368,5000000.0,1
2020,800,985,21300000.0,1
2020,800,1003,20000000.0,1
2020,873,23826,20000000.0,1
2020,984,350,6500000.0,1
2020,985,12,15000000.0,1
2020,985,15,1700000.0,1
2020,1003,15,2000000.0,1
2020,1003,631,50200000.0,1
2020,1025,252,5000000.0,1
2020,1038,416,7500000.0,1
2020,1041,5,1000000.0,1
2020,1041,273,12000000.0,1
2020,1041,405,18400000.0,1
2020,1041,417,7000000.0,1
2020,1041,543,2000000.0,1
2020,1041,931,3200000.0,1
2020,1049,13,15000000.0,1
2020,1049,281,23000000.0,1
2020,1049,399,30000000.0,1
2020,1049,1050,9350000.0,2
2020,1050,244,4000000.0,1
2020,1050,1041,11500000.0,1
2020,1050,3709,9000000.0,1
2020,1050,5358,500000.0,1
2020,1075,131,31000000.0,1
2020,1075,336,16000000.0,1
2020,1082,11,26000000.0,1
2020,1082,6195,71250000.0,1
2020,1090,368,12000000.0,1
2020,1108,60,3700000.0,1
2020,1158,399,6500000.0,1
2020,1160,3911,500000.0,1
2020,1237,931,11700000.0,1
2020,1237,984,1100000.0,1
2020,1237,1132,1100000.0,1
2020,1269,385,200000.0,1
2020,1390,46,32500000.0,1
2020,1390,4171,1000000.0,1
2020,1390,6574,4000000.0,1
2020,1420,60,10000000.0,1
2020,1420,347,700000.0,1
2020,1421,162,13000000.0,1
2020,1421,417,4000000.0,1
2020,1531,331,3000000.0,1
2020,2420,234,1600000.0,1
2020,2423,720,4000000.0,1
2020,2425,336,3750000.0,1
2020,2425,720,4730000.0,1
2020,2503,294,1500000.0,1
2020,2969,11,2000000.0,1
2020,2969,273,14000000.0,2
2020,3329,336,6500000.0,1
2020,3329,720,3200000.0,1
2020,3368,995,5000000.0,1
2020,3522,1038,1500000.0,1
2020,3522,1304,240000.0,1
2020,3709,331,3000000.0,1
2020,3709,366,200000.0,1
2020,3709,2687,2000000.0,1
2020,3911,180,12000000.0,1
2020,6195,29,25000000.0,1
2020,6195,130,34830000.0,3
2020,6195,416,22000000.0,1
2020,6195,1038,2200000.0,1
2020,6195,1082,5000000.0,1
2020,6195,1390,14300000.0,1
2020,6195,6574,9500000.0,1
2020,6574,46,20000000.0,1
2020,6574,252,7000000.0,1
2020,6574,430,26000000.0,2
2020,6574,1390,3000000.0,1
2020,7378,336,5000000.0,1
2020,23826,631,53000000.0,1
2021,3,82,13500000.0,1
2021,3,162,6500000.0,1
2021,11,762,29400000.0,1
2021,12,276,8000000.0,1
2021,15,29,2000000.0,1
2021,15,405,32000000.0,1
2021,15,720,4000000.0,1
2021,16,244,11000000.0,1
2021,16,368,6000000.0,1
2021,16,985,85000000.0,1
2021,16,6574,3500000.0,1
2021,24,89,1000000.0,1
2021,24,23826,23000000.0,1
2021,31,89,6500000.0,1
2021,31,1041,6000000.0,1
2021,39,79,5000000.0,1
2021,40,5,8000000.0,1
2021,40,398,6860000.0,1
2021,44,13,26000000.0,1
2021,44,18,2000000.0,1
2021,46,583,60000000.0,1
2021,46,631,115000000.0,1
2021,46,1038,2500000.0,1
2021,46,6195,19000000.0,1
2021,60,273,14000000.0,1
2021,65,39,3500000.0,1
2021,79,16,15000000.0,1
2021,79,24,250000.0,1
2021,79,430,23500000.0,1
2021,89,15,6500000.0,1
2021,89,65,250000.0,1
2021,131,148,25000000.0,1
2021,131,399,15000000.0,1
2021,131,417,8500000.0,1
2021,131,3709,5000000.0,1
2021,148,1010,3500000.0,1
2021,148,1050,15000000.0,1
2021,150,131,14000000.0,1
2021,162,5,5000000.0,1
2021,162,79,1750000.0,1
2021,162,294,1500000.0,1
2021,162,1095,2500000.0,1
2021,162,23826,15000000.0,1
2021,167,44,7100000.0,1
2021,167,826,5500000.0,1
2021,180,405,29420000.0,1
2021,180,417,5500000.0,1
2021,180,1003,17600000.0,1
2021,180,1123,5850000.0,1
2021,202,1082,6000000.0,1
2021,202,1421,4000000.0,1
2021,234,607,500000.0,1
2021,234,610,5500000.0,1
2021,235,202,200000.0,1
2021,237,331,8000000.0,1
2021,244,6574,2000000.0,1
2021,252,12,17500000.0,1
2021,273,410,2000000.0,1
2021,273,418,31000000.0,1
2021,273,667,1500000.0,1
2021,273,3911,3500000.0,2
2021,276,12,26500000.0,1
2021,276,410,2500000.0,1
2021,276,800,8000000.0,1
2021,281,82,8000000.0,1
2021,281,399,12800000.0,1
2021,281,23826,18000000.0,1
2021,294,11,8000000.0,1
2021,294,82,12000000.0,1
2021,294,940,4000000.0,1
2021,294,2420,1500000.0,1
2021,306,1421,2000000.0,1
2021,317,383,3500000.0,1
2021,336,16795,4500000.0,1
2021,347,148,16900000.0,1
2021,368,148,25000000.0,1
2021,368,714,1000000.0,1
2021,379,398,3000000.0,1
2021,383,16,30000000.0,1
2021,383,46,12500000.0,1
2021,383,65,300000.0,1
2021,383,417,6000000.0,1
2021,383,506,1900000.0,1
2021,398,252,2000000.0,1
2021,403,1090,2500000.0,1
2021,405,281,117500000.0,1
2021,410,13,35000000.0,1
2021,410,276,6000000.0,1
2021,410,800,20000000.0,1
2021,416,180,7500000.0,1
2021,416,294,6000000.0,1
2021,416,1531,2000000.0,1
2021,417,44,4000000.0,1
2021,417,1123,6000000.0,1
2021,418,11,35000000.0,1
2021,418,985,40000000.0,1
2021,430,150,3500000.0,1
2021,430,244,6500000.0,1
2021,430,276,3000000.0,1
2021,430,995,7500000.0,1
2021,468,202,675000.0,1
2021,468,1010,7000000.0,1
2021,506,800,16000000.0,1
2021,506,985,15000000.0,1
2021,533,44,500000.0,1
2021,543,12,11500000.0,1
2021,543,368,16000000.0,1
2021,583,15,7000000.0,1
2021,610,44,3000000.0,1
2021,610,1237,5000000.0,1
2021,610,1390,10000000.0,1
2021,631,5,29800000.0,2
2021,631,12,40000000.0,1
2021,631,379,35000000.0,1
2021,631,800,9000000.0,1
2021,667,3709,1000000.0,1
2021,667,23826,15000000.0,1
2021,720,583,16000000.0,1
2021,720,2503,5000000.0,1
2021,749,1038,5500000.0,1
2021,749,3522,4000000.0,2
2021,749,6574,16000000.0,1
2021,800,12,9000000.0,1
2021,800,252,5500000.0,1
2021,800,749,3000000.0,1
2021,800,1025,14500000.0,1
2021,800,1390,500000.0,1
2021,826,273,17000000.0,1
2021,940,714,1800000.0,1
2021,969,273,15000000.0,1
2021,969,417,10000000.0,1
2021,985,399,29100000.0,1
2021,995,252,3500000.0,1
2021,995,1010,10000000.0,1
2021,1010,379,2300000.0,1
2021,1010,410,1800000.0,1
2021,1010,873,7000000.0,1
2021,1025,11,18600000.0,1
2021,1038,749,1000000.0,1
2021,1038,3709,6000000.0,1
2021,1041,162,11000000.0,1
2021,1041,417,3000000.0,1
2021,1041,873,17500000.0,1
2021,1041,1132,15000000.0,1
2021,1050,714,500000.0,1
2021,1050,1075,1500000.0,1
2021,1050,3368,750000.0,1
2021,1075,40,4500000.0,1
2021,1075,336,5500000.0,1
2021,1082,5,14300000.0,1
2021,1082,40,2000000.0,1
2021,1082,1003,20000000.0,1
2021,1082,1025,2500000.0,1
2021,1082,1095,2500000.0,1
2021,1090,162,17000000.0,1
2021,1090,417,15000000.0,1
2021,1090,800,12000000.0,1
2021,1090,3911,5000000.0,1
2021,1123,405,38400000.0,1
2021,1132,1123,9300000.0,1
2021,1158,1148,10000000.0,1
2021,1237,11,58500000.0,1
2021,1237,234,1000000.0,1
2021,1420,543,11100000.0,1
2021,1421,1050,12000000.0,1
2021,1435,610,1000000.0,1
2021,1435,1090,900000.0,1
2021,2423,720,2200000.0,1
2021,2457,1075,300000.0,1
2021,3329,336,6500000.0,1
2021,3522,749,2000000.0,1
2021,3522,6574,3500000.0,1
2021,3709,237,3000000.0,1
2021,3709,1237,18000000.0,1
2021,3911,180,12000000.0,1
2021,3911,3329,1200000.0,1
2021,6195,244,9000000.0,1
2021,6574,276,4000000.0,1
2021,7378,720,2500000.0,1
2021,16795,1049,2500000.0,1
2021,16795,3368,500000.0,1
2021,23826,18,9500000.0,1
2021,23826,27,57500000.0,2
2021,23826,31,40000000.0,1
2021,23826,410,3000000.0,1
