club_id,season,Y_margin_sum,n_sales_Y,spend_sum,n_buys,n_sales_tot,n_costzero,costzero_share
2,2010,0.0,0.0,4100000.0,7.0,1.0,1.0,1.0
2,2011,0.0,0.0,6200000.0,6.0,3.0,1.0,0.3333333333333333
3,2009,0.0,0.0,11000000.0,2.0,1.0,1.0,1.0
3,2010,0.0,0.0,4350000.0,7.0,0.0,0.0,0.0
3,2011,0.0,0.0,5280000.0,4.0,1.0,1.0,1.0
3,2014,-2900000.0,1.0,8000000.0,5.0,1.0,1.0,1.0
3,2015,8750000.0,5.0,14780000.0,6.0,7.0,6.0,0.8571428571428571
3,2016,5200000.0,4.0,7850000.0,3.0,4.0,1.0,0.25
3,2017,-400000.0,2.0,40000000.0,6.0,2.0,0.0,0.0
3,2019,-6950000.0,3.0,20250000.0,4.0,3.0,1.0,0.3333333333333333
3,2020,-2000000.0,1.0,16800000.0,3.0,1.0,0.0,0.0
3,2021,-1500000.0,3.0,0.0,0.0,3.0,0.0,0.0
4,2009,0.0,0.0,0.0,0.0,2.0,2.0,1.0
4,2010,2050000.0,2.0,650000.0,2.0,3.0,3.0,1.0
4,2011,-34500000.0,1.0,3850000.0,6.0,1.0,1.0,1.0
4,2012,0.0,0.0,2500000.0,3.0,1.0,0.0,0.0
4,2013,5450000.0,2.0,7320000.0,5.0,3.0,0.0,0.0
4,2018,0.0,0.0,3500000.0,2.0,0.0,0.0,0.0
5,2009,-190000.0,1.0,22100000.0,5.0,3.0,2.0,0.6666666666666666
5,2010,-3819000.0,6.0,42300000.0,8.0,9.0,5.0,0.5555555555555556
5,2011,-17900000.0,3.0,63650000.0,9.0,4.0,2.0,0.5
5,2012,63500000.0,5.0,58970000.0,9.0,6.0,2.0,0.3333333333333333
5,2013,14050000.0,3.0,41730000.0,8.0,4.0,1.0,0.25
5,2014,3200000.0,2.0,14900000.0,6.0,3.0,0.0,0.0
5,2015,-9750000.0,4.0,102270000.0,8.0,4.0,1.0,0.25
5,2016,8400000.0,4.0,26560000.0,3.0,5.0,1.0,0.2
5,2017,-8270000.0,8.0,180980000.0,8.0,8.0,2.0,0.25
5,2018,58675000.0,7.0,178570000.0,7.0,7.0,0.0,0.0
5,2019,-1300000.0,4.0,111400000.0,6.0,4.0,0.0,0.0
5,2020,-53050000.0,5.0,22620000.0,6.0,5.0,0.0,0.0
5,2021,0.0,1.0,64000000.0,6.0,1.0,0.0,0.0
10,2020,-400000.0,1.0,0.0,0.0,1.0,1.0,1.0
10,2021,-1450000.0,1.0,8000000.0,8.0,1.0,0.0,0.0
11,2009,0.0,0.0,12000000.0,1.0,2.0,2.0,1.0
11,2010,0.0,1.0,23000000.0,3.0,2.0,2.0,1.0
11,2011,37300000.0,3.0,65480000.0,9.0,6.0,5.0,0.8333333333333334
11,2012,27850000.0,3.0,56000000.0,4.0,4.0,4.0,1.0
11,2013,7600000.0,3.0,47500000.0,2.0,5.0,1.0,0.2
11,2014,17600000.0,4.0,118980000.0,7.0,5.0,1.0,0.2
11,2015,2100000.0,1.0,26500000.0,2.0,1.0,0.0,0.0
11,2016,-62850000.0,2.0,113040000.0,6.0,2.0,0.0,0.0
11,2017,91500000.0,8.0,152850000.0,4.0,8.0,3.0,0.375
11,2018,400000.0,3.0,77650000.0,4.0,3.0,0.0,0.0
11,2019,9950000.0,7.0,152400000.0,5.0,7.0,0.0,0.0
11,2020,-17600000.0,1.0,84000000.0,4.0,1.0,0.0,0.0
11,2021,7400000.0,1.0,165600000.0,6.0,1.0,0.0,0.0
12,2009,900000.0,1.0,3500000.0,1.0,3.0,3.0,1.0
12,2010,6051000.0,4.0,10700000.0,3.0,6.0,4.0,0.6666666666666666
12,2011,7650000.0,1.0,86250000.0,10.0,3.0,3.0,1.0
12,2012,52535000.0,10.0,30020000.0,13.0,11.0,4.0,0.36363636363636365
12,2013,-45685000.0,14.0,70790000.0,14.0,15.0,2.0,0.13333333333333333
12,2014,28200000.0,4.0,87250000.0,10.0,4.0,1.0,0.25
12,2015,75275000.0,11.0,34249000.0,9.0,12.0,1.0,0.08333333333333333
12,2016,-6468000.0,10.0,94900000.0,12.0,10.0,3.0,0.3
12,2017,-47500000.0,12.0,85650000.0,10.0,12.0,2.0,0.16666666666666666
12,2018,64146000.0,12.0,159100000.0,11.0,12.0,4.0,0.3333333333333333
12,2019,19455000.0,11.0,105300000.0,6.0,11.0,2.0,0.18181818181818182
12,2020,5000000.0,4.0,66000000.0,4.0,4.0,0.0,0.0
12,2021,5700000.0,1.0,124250000.0,7.0,2.0,1.0,0.5
13,2009,2075000.0,2.0,16250000.0,4.0,6.0,6.0,1.0
13,2010,7800000.0,1.0,34050000.0,6.0,4.0,3.0,0.75
13,2011,16125000.0,3.0,82500000.0,6.0,7.0,4.0,0.5714285714285714
13,2012,6200000.0,1.0,4500000.0,2.0,3.0,1.0,0.3333333333333333
13,2013,44800000.0,3.0,34595000.0,7.0,5.0,0.0,0.0
13,2014,62100000.0,5.0,143350000.0,11.0,5.0,0.0,0.0
13,2015,45800000.0,5.0,119000000.0,9.0,7.0,1.0,0.14285714285714285
13,2016,29000000.0,4.0,78800000.0,5.0,4.0,0.0,0.0
13,2017,-27800000.0,8.0,95600000.0,2.0,9.0,0.0,0.0
13,2018,-12000000.0,3.0,149500000.0,8.0,3.0,0.0,0.0
13,2019,114000000.0,6.0,245300000.0,7.0,6.0,0.0,0.0
13,2020,2300000.0,3.0,87500000.0,5.0,3.0,0.0,0.0
13,2021,-4750000.0,2.0,61000000.0,2.0,2.0,0.0,0.0
15,2009,0.0,0.0,6550000.0,3.0,1.0,1.0,1.0
15,2010,0.0,0.0,5700000.0,4.0,3.0,3.0,1.0
15,2011,6880000.0,4.0,19260000.0,4.0,6.0,4.0,0.6666666666666666
15,2012,6680000.0,6.0,20800000.0,5.0,7.0,2.0,0.2857142857142857
15,2013,-14430000.0,4.0,22900000.0,6.0,5.0,1.0,0.2
15,2014,-12600000.0,2.0,35805000.0,5.0,4.0,1.0,0.25
15,2015,-56700000.0,7.0,58000000.0,6.0,8.0,1.0,0.125
15,2016,12350000.0,4.0,63300000.0,7.0,4.0,0.0,0.0
15,2017,37400000.0,7.0,56000000.0,4.0,7.0,0.0,0.0
15,2018,18000000.0,2.0,30500000.0,2.0,2.0,0.0,0.0
15,2019,7500000.0,2.0,96000000.0,6.0,2.0,0.0,0.0
15,2020,-9000000.0,2.0,43200000.0,5.0,2.0,0.0,0.0
15,2021,-17500000.0,4.0,52850000.0,6.0,4.0,0.0,0.0
16,2009,1400000.0,1.0,10900000.0,4.0,3.0,3.0,1.0
16,2010,-200000.0,1.0,5250000.0,2.0,3.0,3.0,1.0
16,2011,0.0,0.0,9725000.0,3.0,4.0,3.0,0.75
16,2012,20450000.0,5.0,25650000.0,4.0,6.0,0.0,0.0
16,2013,21275000.0,7.0,52600000.0,4.0,8.0,1.0,0.125
16,2014,1200000.0,1.0,65200000.0,6.0,2.0,0.0,0.0
16,2015,-31600000.0,7.0,20000000.0,4.0,8.0,0.0,0.0
16,2016,42550000.0,5.0,141100000.0,9.0,5.0,1.0,0.2
16,2017,144025000.0,7.0,108340000.0,8.0,8.0,0.0,0.0
16,2018,14100000.0,5.0,88500000.0,5.0,6.0,0.0,0.0
16,2019,7300000.0,8.0,147500000.0,6.0,8.0,0.0,0.0
16,2020,1900000.0,2.0,48000000.0,2.0,2.0,0.0,0.0
16,2021,-9250000.0,5.0,45000000.0,2.0,5.0,0.0,0.0
18,2009,5499999.999999999,2.0,10500000.0,4.0,3.0,3.0,1.0
18,2010,0.0,0.0,6300000.0,3.0,2.0,2.0,1.0
18,2011,1800000.0,2.0,2000000.0,3.0,3.0,2.0,0.6666666666666666
18,2012,7900000.0,3.0,33400000.0,5.0,5.0,2.0,0.4
18,2013,550000.0,2.0,7700000.0,3.0,2.0,0.0,0.0
18,2014,-45500000.0,3.0,11250000.0,2.0,3.0,0.0,0.0
18,2015,6500000.0,2.0,37000000.0,6.0,2.0,0.0,0.0
18,2016,22800000.0,2.0,41250000.0,5.0,2.0,0.0,0.0
18,2017,-15000000.0,6.0,37250000.0,5.0,6.0,0.0,0.0
18,2018,1750000.0,4.0,32550000.0,4.0,4.0,0.0,0.0
18,2019,-500000.0,2.0,40500000.0,4.0,2.0,0.0,0.0
18,2020,0.0,0.0,10800000.0,2.0,0.0,0.0,0.0
18,2021,0.0,0.0,11500000.0,2.0,0.0,0.0,0.0
19,2010,6700000.0,1.0,8250000.0,5.0,1.0,1.0,1.0
19,2019,-300000.0,1.0,18650000.0,8.0,1.0,1.0,1.0
23,2013,0.0,0.0,1650000.0,4.0,0.0,0.0,0.0
24,2009,0.0,0.0,1250000.0,2.0,1.0,1.0,1.0
24,2010,-2850000.0,2.0,2450000.0,3.0,5.0,2.0,0.4
24,2012,950000.0,2.0,7250000.0,7.0,4.0,2.0,0.5
24,2013,0.0,0.0,6175000.0,5.0,0.0,0.0,0.0
24,2014,-5600000.0,5.0,5700000.0,3.0,8.0,0.0,0.0
24,2015,2000000.0,2.0,11820000.0,7.0,3.0,0.0,0.0
24,2016,-5600000.0,4.0,3300000.0,4.0,6.0,0.0,0.0
24,2017,3900000.0,1.0,23550000.0,8.0,1.0,0.0,0.0
24,2018,5300000.0,3.0,27350000.0,9.0,3.0,0.0,0.0
24,2019,63900000.0,5.0,78340000.0,10.0,5.0,0.0,0.0
24,2020,-25500000.0,4.0,9000000.0,4.0,4.0,0.0,0.0
24,2021,-18000000.0,3.0,7850000.0,4.0,3.0,0.0,0.0
27,2009,2600000.0,3.0,75700000.0,5.0,5.0,4.0,0.8
27,2010,1800000.0,1.0,17000000.0,1.0,2.0,2.0,1.0
27,2011,4850000.0,1.0,51800000.0,4.0,1.0,0.0,0.0
27,2012,0.0,0.0,70300000.0,5.0,0.0,0.0,0.0
27,2013,-8600000.0,3.0,62000000.0,2.0,4.0,0.0,0.0
27,2014,-5400000.0,3.0,53400000.0,6.0,4.0,1.0,0.25
27,2015,10100000.0,4.0,81250000.0,4.0,6.0,1.0,0.16666666666666666
27,2016,-8200000.0,4.0,70000000.0,2.0,4.0,0.0,0.0
27,2017,13750000.0,2.0,103500000.0,5.0,2.0,0.0,0.0
27,2018,53500000.0,4.0,10000000.0,1.0,5.0,0.0,0.0
27,2019,7500000.0,3.0,126000000.0,4.0,3.0,0.0,0.0
27,2020,-3000000.0,1.0,77000000.0,3.0,1.0,0.0,0.0
27,2021,0.0,0.0,57500000.0,2.0,0.0,0.0,0.0
29,2009,0.0,0.0,23300000.0,3.0,2.0,1.0,0.5
29,2010,-800000.0,2.0,1700000.0,2.0,3.0,3.0,1.0
29,2011,0.0,0.0,7200000.0,2.0,5.0,3.0,0.6
29,2012,14400000.0,1.0,21650000.0,5.0,3.0,3.0,1.0
29,2013,27600000.0,1.0,28300000.0,4.0,3.0,2.0,0.6666666666666666
29,2014,-3100000.0,1.0,40160000.0,2.0,1.0,0.0,0.0
29,2015,0.0,0.0,48900000.0,7.0,1.0,0.0,0.0
29,2016,29600000.0,3.0,86000000.0,7.0,3.0,0.0,0.0
29,2017,-7045000.0,6.0,203200000.0,9.0,7.0,0.0,0.0
29,2018,7100000.0,3.0,89650000.0,3.0,3.0,0.0,0.0
29,2019,21800000.0,5.0,118500000.0,6.0,5.0,0.0,0.0
29,2020,-5570000.0,2.0,74870000.0,4.0,2.0,0.0,0.0
29,2021,-23000000.0,2.0,2000000.0,1.0,2.0,0.0,0.0
31,2009,0.0,0.0,43500000.0,3.0,5.0,5.0,1.0
31,2010,6950000.0,2.0,97730000.0,8.0,7.0,7.0,1.0
31,2011,-200000.0,2.0,65325000.0,6.0,6.0,3.0,0.5
31,2012,5800000.0,1.0,65600000.0,6.0,3.0,1.0,0.3333333333333333
31,2013,10300000.0,3.0,55900000.0,5.0,4.0,1.0,0.25
31,2014,51970000.0,5.0,149430000.0,8.0,7.0,3.0,0.42857142857142855
31,2015,-33300000.0,4.0,126500000.0,7.0,5.0,0.0,0.0
31,2016,28530000.0,8.0,79900000.0,4.0,8.0,1.0,0.125
31,2017,143500000.0,5.0,173878000.0,5.0,5.0,1.0,0.2
31,2018,18120000.0,3.0,182200000.0,4.0,3.0,0.0,0.0
31,2019,-4700000.0,3.0,10400000.0,2.0,3.0,0.0,0.0
31,2020,1900000.0,2.0,81550000.0,4.0,2.0,0.0,0.0
31,2021,-8500000.0,3.0,40000000.0,1.0,3.0,0.0,0.0
33,2009,0.0,0.0,8400000.0,8.0,1.0,1.0,1.0
33,2010,0.0,3.0,36000000.0,8.0,4.0,3.0,0.75
33,2011,13700000.0,3.0,6800000.0,3.0,4.0,1.0,0.25
33,2012,700000.0,4.0,4000000.0,1.0,5.0,1.0,0.2
33,2013,-5500000.0,2.0,25050000.0,5.0,4.0,1.0,0.25
33,2014,3100000.0,3.0,4400000.0,2.0,3.0,0.0,0.0
33,2015,34150000.0,5.0,36100000.0,6.0,5.0,1.0,0.2
33,2016,-17150000.0,7.0,42800000.0,6.0,7.0,0.0,0.0
33,2017,900000.0,2.0,48500000.0,6.0,2.0,0.0,0.0
33,2018,9450000.0,4.0,62200000.0,7.0,6.0,1.0,0.16666666666666666
33,2019,-6100000.0,3.0,27500000.0,3.0,3.0,0.0,0.0
33,2020,-550000.0,1.0,0.0,0.0,1.0,0.0,0.0
38,2012,0.0,0.0,2550000.0,8.0,0.0,0.0,0.0
38,2018,-2200000.0,2.0,5150000.0,4.0,2.0,1.0,0.5
38,2019,4900000.0,3.0,9550000.0,2.0,3.0,0.0,0.0
39,2009,0.0,0.0,500000.0,4.0,2.0,2.0,1.0
39,2010,-180000.0,1.0,2700000.0,3.0,2.0,2.0,1.0
39,2011,3000000.0,1.0,10700000.0,10.0,2.0,0.0,0.0
39,2012,700000.0,1.0,4180000.0,4.0,3.0,0.0,0.0
39,2013,8900000.0,3.0,14200000.0,8.0,5.0,0.0,0.0
39,2014,5500000.0,2.0,7150000.0,4.0,2.0,0.0,0.0
39,2015,27650000.0,6.0,13250000.0,7.0,7.0,0.0,0.0
39,2016,20000000.0,5.0,28710000.0,9.0,5.0,0.0,0.0
39,2017,0.0,6.0,16550000.0,5.0,6.0,0.0,0.0
39,2018,16250000.0,7.0,27000000.0,5.0,7.0,0.0,0.0
39,2019,11200000.0,2.0,28200000.0,5.0,2.0,0.0,0.0
39,2020,-15000000.0,1.0,2000000.0,1.0,1.0,0.0,0.0
39,2021,-4200000.0,2.0,6000000.0,2.0,2.0,0.0,0.0
40,2009,3600000.0,1.0,28500000.0,4.0,3.0,3.0,1.0
40,2010,0.0,0.0,9500000.0,3.0,1.0,0.0,0.0
40,2011,0.0,0.0,4000000.0,2.0,3.0,3.0,1.0
40,2012,-12500000.0,2.0,2800000.0,1.0,4.0,1.0,0.25
40,2013,1200000.0,1.0,3500000.0,1.0,3.0,1.0,0.3333333333333333
40,2014,3125000.0,2.0,7700000.0,5.0,2.0,0.0,0.0
40,2015,15500000.0,3.0,11000000.0,4.0,4.0,0.0,0.0
40,2016,-600000.0,1.0,11850000.0,5.0,2.0,1.0,0.5
40,2017,-13500000.0,9.0,32600000.0,8.0,9.0,0.0,0.0
40,2018,10000000.0,3.0,20000000.0,5.0,3.0,0.0,0.0
40,2019,-52550000.0,6.0,17000000.0,3.0,6.0,0.0,0.0
40,2020,-11500000.0,4.0,0.0,0.0,4.0,0.0,0.0
40,2021,-3140000.0,2.0,8800000.0,4.0,2.0,0.0,0.0
41,2009,5800000.0,2.0,30450000.0,6.0,2.0,2.0,1.0
41,2010,4000000.0,1.0,15200000.0,3.0,2.0,2.0,1.0
41,2011,8950000.0,2.0,13400000.0,6.0,6.0,4.0,0.6666666666666666
41,2012,7900000.0,2.0,27000000.0,5.0,2.0,1.0,0.5
41,2013,-78550000.0,3.0,2000000.0,2.0,3.0,0.0,0.0
41,2014,-14400000.0,5.0,33000000.0,10.0,7.0,1.0,0.14285714285714285
41,2015,-10725000.0,5.0,20650000.0,8.0,5.0,0.0,0.0
41,2016,-10950000.0,3.0,43450000.0,9.0,3.0,0.0,0.0
41,2017,3500000.0,1.0,19000000.0,4.0,1.0,0.0,0.0
42,2009,0.0,0.0,550000.0,1.0,2.0,2.0,1.0
42,2010,0.0,0.0,1000000.0,1.0,1.0,1.0,1.0
42,2011,0.0,0.0,4200000.0,5.0,0.0,0.0,0.0
42,2012,-25000.0,1.0,9150000.0,7.0,3.0,0.0,0.0
42,2013,-1300000.0,1.0,10050000.0,4.0,3.0,0.0,0.0
42,2014,-750000.0,3.0,10800000.0,3.0,5.0,0.0,0.0
42,2015,-2000000.0,3.0,17800000.0,8.0,3.0,0.0,0.0
42,2017,-1750000.0,1.0,18500000.0,4.0,1.0,0.0,0.0
42,2018,3200000.0,4.0,14400000.0,4.0,5.0,2.0,0.4
44,2009,-350000.0,1.0,3160000.0,3.0,2.0,2.0,1.0
44,2011,350000.0,1.0,1400000.0,3.0,3.0,2.0,0.6666666666666666
44,2013,0.0,0.0,1000000.0,1.0,0.0,0.0,0.0
44,2014,10850000.0,3.0,14500000.0,9.0,3.0,2.0,0.6666666666666666
44,2015,-2055000.0,3.0,7300000.0,3.0,3.0,1.0,0.3333333333333333
44,2016,2900000.0,2.0,6700000.0,2.0,4.0,0.0,0.0
44,2017,3700000.0,2.0,13500000.0,3.0,2.0,0.0,0.0
44,2018,12000000.0,2.0,14500000.0,3.0,2.0,0.0,0.0
44,2019,11645000.0,2.0,106700000.0,7.0,2.0,0.0,0.0
44,2020,-2100000.0,4.0,26000000.0,3.0,4.0,0.0,0.0
44,2021,-4000000.0,3.0,25600000.0,6.0,3.0,0.0,0.0
46,2009,74225000.0,6.0,97200000.0,7.0,9.0,8.0,0.8888888888888888
46,2010,51655000.0,8.0,36135000.0,5.0,9.0,7.0,0.7777777777777778
46,2011,12850000.0,3.0,34400000.0,7.0,5.0,2.0,0.4
46,2012,7551000.0,6.0,71300000.0,10.0,9.0,2.0,0.2222222222222222
46,2013,-7050000.0,6.0,57890000.0,10.0,7.0,2.0,0.2857142857142857
46,2014,5250000.0,4.0,11150000.0,4.0,4.0,1.0,0.25
46,2015,36270000.0,13.0,89600000.0,7.0,15.0,2.0,0.13333333333333333
46,2016,-1100000.0,4.0,157850000.0,11.0,4.0,1.0,0.25
46,2017,30240000.0,13.0,137100000.0,6.0,13.0,3.0,0.23076923076923078
46,2018,3850000.0,15.0,80600000.0,5.0,15.0,7.0,0.4666666666666667
46,2019,3790000.0,8.0,177300000.0,9.0,8.0,2.0,0.25
46,2020,25425000.0,8.0,120500000.0,6.0,8.0,4.0,0.5
46,2021,-6450000.0,5.0,31000000.0,3.0,5.0,1.0,0.2
60,2009,0.0,0.0,3150000.0,4.0,2.0,2.0,1.0
60,2010,0.0,1.0,1450000.0,3.0,2.0,1.0,0.5
60,2011,12575000.0,3.0,3000000.0,3.0,4.0,1.0,0.25
60,2012,0.0,0.0,1500000.0,3.0,1.0,0.0,0.0
60,2013,1775000.0,3.0,6230000.0,5.0,5.0,1.0,0.2
60,2014,-15200000.0,3.0,14150000.0,8.0,4.0,0.0,0.0
60,2016,-2550000.0,3.0,16780000.0,8.0,3.0,0.0,0.0
60,2017,5400000.0,5.0,18150000.0,7.0,5.0,1.0,0.2
60,2018,-26650000.0,5.0,17800000.0,6.0,6.0,1.0,0.16666666666666666
60,2019,-1450000.0,5.0,17500000.0,5.0,5.0,3.0,0.6
60,2020,-250000.0,7.0,13700000.0,2.0,7.0,0.0,0.0
60,2021,-1950000.0,3.0,5000000.0,1.0,3.0,0.0,0.0
65,2012,0.0,0.0,3300000.0,6.0,3.0,2.0,0.6666666666666666
65,2021,0.0,1.0,1300000.0,3.0,1.0,1.0,1.0
79,2009,0.0,0.0,15600000.0,4.0,3.0,3.0,1.0
79,2010,1875000.0,2.0,13100000.0,7.0,5.0,4.0,0.8
79,2011,-11450000.0,3.0,10800000.0,4.0,4.0,1.0,0.25
79,2012,900000.0,1.0,1500000.0,1.0,4.0,2.0,0.5
79,2013,-675000.0,4.0,6700000.0,4.0,6.0,2.0,0.3333333333333333
79,2014,-7750000.0,2.0,10550000.0,4.0,2.0,0.0,0.0
79,2015,-84600000.0,9.0,13420000.0,7.0,9.0,1.0,0.1111111111111111
79,2017,1450000.0,4.0,30700000.0,10.0,4.0,1.0,0.25
79,2018,10850000.0,4.0,48760000.0,7.0,4.0,2.0,0.5
79,2020,5700000.0,2.0,14200000.0,4.0,2.0,0.0,0.0
79,2021,-3450000.0,3.0,15250000.0,5.0,3.0,0.0,0.0
80,2009,225000.0,1.0,1600000.0,3.0,1.0,1.0,1.0
80,2021,-2150000.0,1.0,0.0,0.0,1.0,0.0,0.0
82,2009,0.0,0.0,27300000.0,5.0,3.0,3.0,1.0
82,2010,44025000.0,6.0,54350000.0,10.0,10.0,8.0,0.8
82,2011,450000.0,1.0,48100000.0,13.0,3.0,2.0,0.6666666666666666
82,2012,6150000.0,2.0,27100000.0,7.0,3.0,1.0,0.3333333333333333
82,2013,-4600000.0,8.0,50600000.0,6.0,10.0,1.0,0.1
82,2014,-2300000.0,5.0,38250000.0,5.0,6.0,0.0,0.0
82,2015,-350000.0,6.0,68100000.0,7.0,6.0,0.0,0.0
82,2016,28350000.0,6.0,76550000.0,10.0,7.0,0.0,0.0
82,2017,23800000.0,4.0,63250000.0,10.0,5.0,0.0,0.0
82,2018,400000.0,2.0,40000000.0,6.0,2.0,0.0,0.0
82,2019,-58500000.0,5.0,37800000.0,5.0,5.0,0.0,0.0
82,2020,-8700000.0,2.0,20000000.0,3.0,2.0,0.0,0.0
82,2021,-400000.0,2.0,52500000.0,6.0,2.0,0.0,0.0
86,2009,25700000.0,1.0,11300000.0,4.0,2.0,2.0,1.0
86,2010,14200000.0,1.0,16240000.0,5.0,4.0,3.0,0.75
86,2011,4450000.0,4.0,7700000.0,6.0,8.0,4.0,0.5
86,2012,5500000.0,1.0,13780000.0,6.0,4.0,1.0,0.25
86,2013,575000.0,5.0,9750000.0,4.0,5.0,0.0,0.0
86,2014,225000.0,4.0,6200000.0,4.0,4.0,0.0,0.0
86,2015,10900000.0,5.0,12380000.0,6.0,5.0,0.0,0.0
86,2016,5175000.0,7.0,23700000.0,7.0,8.0,0.0,0.0
86,2017,-63025000.0,4.0,17800000.0,5.0,4.0,0.0,0.0
86,2018,7700000.0,7.0,25800000.0,8.0,7.0,0.0,0.0
86,2019,0.0,0.0,10000000.0,2.0,0.0,0.0,0.0
86,2020,-5300000.0,1.0,11000000.0,2.0,1.0,0.0,0.0
89,2019,-10550000.0,2.0,9150000.0,5.0,2.0,0.0,0.0
89,2020,1420000.0,3.0,1500000.0,1.0,3.0,2.0,0.6666666666666666
89,2021,-2600000.0,5.0,13900000.0,8.0,5.0,1.0,0.2
105,2015,0.0,0.0,1000000.0,2.0,0.0,0.0,0.0
105,2016,800000.0,3.0,3700000.0,4.0,4.0,2.0,0.5
127,2014,0.0,0.0,1550000.0,5.0,0.0,0.0,0.0
127,2019,-700000.0,4.0,750000.0,3.0,4.0,1.0,0.25
130,2009,9589000.0,4.0,26221000.0,8.0,10.0,8.0,0.8
130,2010,14400000.0,4.0,26000000.0,9.0,7.0,4.0,0.5714285714285714
130,2011,20350000.0,7.0,9410000.0,8.0,11.0,4.0,0.36363636363636365
130,2012,12075000.0,4.0,28200000.0,13.0,6.0,1.0,0.16666666666666666
130,2013,24910000.0,13.0,13592000.0,20.0,14.0,2.0,0.14285714285714285
130,2014,4300000.0,9.0,17240000.0,11.0,13.0,0.0,0.0
130,2018,-1220000.0,1.0,17401000.0,9.0,2.0,2.0,1.0
130,2019,10450000.0,7.0,20709000.0,12.0,8.0,2.0,0.25
130,2020,3100000.0,2.0,99830000.0,13.0,2.0,0.0,0.0
131,2009,0.0,0.0,113500000.0,4.0,2.0,2.0,1.0
131,2010,14650000.0,1.0,72500000.0,4.0,2.0,1.0,0.5
131,2011,36700000.0,4.0,60000000.0,2.0,5.0,2.0,0.4
131,2012,0.0,0.0,33000000.0,2.0,0.0,0.0,0.0
131,2013,200000.0,2.0,101000000.0,2.0,3.0,0.0,0.0
131,2014,67000000.0,4.0,166720000.0,7.0,4.0,0.0,0.0
131,2015,10000000.0,3.0,51000000.0,2.0,3.0,1.0,0.3333333333333333
131,2016,25350000.0,4.0,124750000.0,6.0,4.0,0.0,0.0
131,2017,118500000.0,2.0,375100000.0,7.0,3.0,0.0,0.0
131,2018,16800000.0,8.0,138900000.0,6.0,8.0,0.0,0.0
131,2019,43000000.0,8.0,301000000.0,8.0,8.0,0.0,0.0
131,2020,12300000.0,7.0,112000000.0,3.0,7.0,0.0,0.0
131,2021,-12500000.0,4.0,14000000.0,1.0,4.0,0.0,0.0
132,2010,0.0,0.0,0.0,0.0,1.0,1.0,1.0
132,2011,0.0,0.0,0.0,0.0,1.0,1.0,1.0
132,2012,-850000.0,1.0,0.0,0.0,4.0,1.0,0.25
132,2013,-2850000.0,2.0,0.0,0.0,2.0,0.0,0.0
132,2017,-2650000.0,1.0,300000.0,3.0,1.0,1.0,1.0
132,2018,-1000000.0,2.0,0.0,0.0,2.0,0.0,0.0
133,2014,0.0,0.0,50000.0,1.0,1.0,1.0,1.0
133,2015,0.0,1.0,75000.0,1.0,2.0,0.0,0.0
142,2009,4400000.0,1.0,11500000.0,3.0,3.0,3.0,1.0
142,2010,0.0,0.0,3850000.0,3.0,1.0,0.0,0.0
142,2011,-5500000.0,1.0,10900000.0,3.0,3.0,2.0,0.6666666666666666
142,2012,0.0,0.0,1800000.0,3.0,2.0,0.0,0.0
148,2009,3700000.0,3.0,40300000.0,6.0,6.0,6.0,1.0
148,2010,-2800000.0,1.0,25900000.0,4.0,1.0,1.0,1.0
148,2011,-1000000.0,1.0,6750000.0,2.0,7.0,5.0,0.7142857142857143
148,2012,27380000.0,4.0,73250000.0,8.0,8.0,4.0,0.5
148,2013,110165000.0,5.0,122530000.0,7.0,7.0,3.0,0.42857142857142855
148,2014,27900000.0,7.0,48480000.0,7.0,8.0,3.0,0.375
148,2015,56280000.0,10.0,71000000.0,5.0,11.0,1.0,0.09090909090909091
148,2016,23300000.0,4.0,82400000.0,4.0,5.0,0.0,0.0
148,2017,67900000.0,5.0,123500000.0,5.0,5.0,0.0,0.0
148,2018,4350000.0,1.0,0.0,0.0,1.0,0.0,0.0
148,2019,6000000.0,3.0,128000000.0,4.0,4.0,0.0,0.0
148,2020,-4700000.0,1.0,107500000.0,5.0,1.0,0.0,0.0
148,2021,-4300000.0,4.0,66900000.0,3.0,4.0,0.0,0.0
150,2011,4450000.0,1.0,1635000.0,2.0,1.0,1.0,1.0
150,2012,0.0,0.0,2150000.0,3.0,0.0,0.0,0.0
150,2013,-7500000.0,1.0,5600000.0,5.0,3.0,1.0,0.3333333333333333
150,2015,300000.0,2.0,8850000.0,7.0,2.0,0.0,0.0
150,2016,5700000.0,1.0,20900000.0,7.0,1.0,0.0,0.0
150,2017,-2230000.0,7.0,38500000.0,8.0,7.0,2.0,0.2857142857142857
150,2018,-5450000.0,4.0,41500000.0,5.0,4.0,0.0,0.0
150,2019,25300000.0,6.0,92750000.0,7.0,6.0,0.0,0.0
150,2020,7600000.0,4.0,0.0,0.0,4.0,0.0,0.0
150,2021,-11000000.0,1.0,3500000.0,1.0,1.0,0.0,0.0
162,2009,0.0,0.0,8500000.0,3.0,4.0,4.0,1.0
162,2010,6950000.0,3.0,8800000.0,3.0,6.0,5.0,0.8333333333333334
162,2013,0.0,0.0,160700000.0,10.0,2.0,2.0,1.0
162,2014,60520000.0,3.0,39750000.0,4.0,3.0,1.0,0.3333333333333333
162,2015,35500000.0,8.0,99060000.0,13.0,8.0,2.0,0.25
162,2016,5950000.0,5.0,50500000.0,5.0,5.0,1.0,0.2
162,2017,38300000.0,9.0,122400000.0,8.0,9.0,2.0,0.2222222222222222
162,2018,30100000.0,10.0,145400000.0,13.0,10.0,0.0,0.0
162,2019,-9500000.0,6.0,193000000.0,12.0,6.0,0.0,0.0
162,2020,2480000.0,5.0,51200000.0,5.0,5.0,0.0,0.0
162,2021,250000.0,6.0,34500000.0,3.0,6.0,0.0,0.0
164,2009,23550000.0,2.0,13280000.0,4.0,5.0,5.0,1.0
164,2010,0.0,0.0,4450000.0,2.0,1.0,1.0,1.0
164,2011,18850000.0,3.0,20550000.0,7.0,6.0,4.0,0.6666666666666666
167,2011,0.0,0.0,975000.0,4.0,2.0,1.0,0.5
167,2012,0.0,0.0,2600000.0,6.0,1.0,0.0,0.0
167,2013,0.0,0.0,3950000.0,4.0,1.0,0.0,0.0
167,2014,0.0,3.0,12450000.0,7.0,3.0,0.0,0.0
167,2015,23500000.0,2.0,16700000.0,6.0,3.0,0.0,0.0
167,2016,11200000.0,5.0,23700000.0,6.0,6.0,1.0,0.16666666666666666
167,2017,-15600000.0,5.0,7550000.0,4.0,6.0,0.0,0.0
167,2018,850000.0,3.0,6000000.0,2.0,3.0,0.0,0.0
167,2019,-11000000.0,3.0,30000000.0,9.0,3.0,0.0,0.0
167,2020,-4250000.0,2.0,10300000.0,3.0,2.0,0.0,0.0
167,2021,2100000.0,2.0,7200000.0,2.0,2.0,0.0,0.0
180,2012,0.0,0.0,41500000.0,8.0,0.0,0.0,0.0
180,2013,3400000.0,2.0,39600000.0,3.0,2.0,1.0,0.5
180,2014,44830000.0,6.0,95500000.0,7.0,7.0,4.0,0.5714285714285714
180,2015,42700000.0,2.0,58400000.0,7.0,2.0,1.0,0.5
180,2016,-9800000.0,5.0,68900000.0,5.0,5.0,1.0,0.2
180,2017,39350000.0,2.0,61250000.0,4.0,2.0,0.0,0.0
180,2018,4600000.0,2.0,62250000.0,4.0,2.0,0.0,0.0
180,2019,4300000.0,3.0,57500000.0,3.0,3.0,0.0,0.0
180,2020,-26900000.0,2.0,37300000.0,3.0,2.0,0.0,0.0
180,2021,4370000.0,5.0,43100000.0,4.0,5.0,0.0,0.0
192,2009,0.0,0.0,0.0,0.0,2.0,2.0,1.0
192,2010,0.0,0.0,100000.0,1.0,0.0,0.0,0.0
192,2011,0.0,0.0,350000.0,1.0,0.0,0.0,0.0
192,2012,2200000.0,1.0,10000.0,1.0,1.0,1.0,1.0
192,2013,0.0,0.0,250000.0,1.0,1.0,0.0,0.0
192,2015,-800000.0,1.0,0.0,0.0,2.0,0.0,0.0
192,2016,0.0,0.0,995000.0,5.0,0.0,0.0,0.0
192,2017,150000.0,2.0,0.0,0.0,2.0,1.0,0.5
200,2009,0.0,0.0,5800000.0,4.0,0.0,0.0,0.0
200,2010,0.0,0.0,1250000.0,2.0,0.0,0.0,0.0
200,2011,5580000.0,3.0,8000000.0,4.0,4.0,1.0,0.25
200,2012,0.0,0.0,1550000.0,3.0,0.0,0.0,0.0
200,2013,2950000.0,2.0,0.0,0.0,2.0,0.0,0.0
200,2014,3075000.0,4.0,0.0,0.0,4.0,0.0,0.0
200,2015,0.0,0.0,950000.0,2.0,0.0,0.0,0.0
200,2016,3750000.0,2.0,500000.0,2.0,3.0,0.0,0.0
200,2017,-23000000.0,2.0,1100000.0,3.0,2.0,0.0,0.0
200,2018,1900000.0,2.0,2550000.0,4.0,2.0,0.0,0.0
200,2019,-950000.0,3.0,1600000.0,2.0,3.0,0.0,0.0
200,2020,-450000.0,2.0,0.0,0.0,2.0,0.0,0.0
200,2021,0.0,1.0,1200000.0,1.0,1.0,0.0,0.0
202,2009,8800000.0,1.0,1460000.0,2.0,1.0,1.0,1.0
202,2010,0.0,0.0,2650000.0,4.0,1.0,1.0,1.0
202,2011,5590000.0,2.0,1960000.0,3.0,3.0,3.0,1.0
202,2012,-10357000.0,3.0,2830000.0,6.0,4.0,2.0,0.5
202,2013,-53710000.0,3.0,650000.0,1.0,3.0,0.0,0.0
202,2014,-16130000.0,4.0,4345000.0,7.0,4.0,0.0,0.0
202,2015,3140000.0,4.0,3700000.0,5.0,4.0,0.0,0.0
202,2016,-17025000.0,2.0,0.0,0.0,2.0,0.0,0.0
202,2017,-23050000.0,5.0,375000.0,1.0,5.0,0.0,0.0
202,2018,-2500000.0,1.0,3200000.0,3.0,1.0,0.0,0.0
202,2019,2950000.0,4.0,850000.0,2.0,4.0,0.0,0.0
202,2020,-2550000.0,3.0,2075000.0,3.0,3.0,0.0,0.0
202,2021,250000.0,4.0,4075000.0,6.0,4.0,0.0,0.0
234,2009,0.0,0.0,5100000.0,3.0,1.0,1.0,1.0
234,2011,-20800000.0,4.0,0.0,0.0,4.0,3.0,0.75
234,2012,1600000.0,2.0,1400000.0,2.0,3.0,2.0,0.6666666666666666
234,2013,0.0,0.0,3000000.0,1.0,0.0,0.0,0.0
234,2014,-21650000.0,4.0,8700000.0,4.0,4.0,0.0,0.0
234,2015,8675000.0,5.0,10500000.0,5.0,5.0,0.0,0.0
234,2016,0.0,1.0,3500000.0,1.0,2.0,0.0,0.0
234,2017,12900000.0,5.0,26800000.0,6.0,5.0,0.0,0.0
234,2018,-13200000.0,6.0,2000000.0,1.0,6.0,0.0,0.0
234,2019,-5950000.0,4.0,11300000.0,3.0,4.0,0.0,0.0
234,2020,0.0,0.0,5440000.0,5.0,0.0,0.0,0.0
234,2021,-11000000.0,3.0,3450000.0,4.0,3.0,0.0,0.0
235,2011,0.0,0.0,0.0,0.0,1.0,0.0,0.0
235,2012,0.0,0.0,150000.0,2.0,0.0,0.0,0.0
235,2013,-475000.0,2.0,0.0,0.0,2.0,0.0,0.0
235,2019,-700000.0,1.0,100000.0,1.0,1.0,1.0,1.0
235,2021,-600000.0,1.0,0.0,0.0,1.0,0.0,0.0
237,2009,550000.0,2.0,400000.0,1.0,4.0,4.0,1.0
237,2010,1500000.0,1.0,0.0,0.0,3.0,3.0,1.0
237,2011,7800000.0,2.0,3400000.0,3.0,3.0,2.0,0.6666666666666666
237,2012,0.0,0.0,2200000.0,2.0,1.0,1.0,1.0
237,2019,0.0,0.0,7000000.0,4.0,0.0,0.0,0.0
237,2021,-2500000.0,2.0,9000000.0,3.0,2.0,1.0,0.5
244,2009,0.0,0.0,42300000.0,8.0,5.0,5.0,1.0
244,2010,4700000.0,2.0,41500000.0,4.0,5.0,5.0,1.0
244,2011,0.0,0.0,11000000.0,3.0,0.0,0.0,0.0
244,2012,12750000.0,4.0,8700000.0,6.0,5.0,1.0,0.2
244,2013,0.0,2.0,39400000.0,7.0,2.0,0.0,0.0
244,2014,6300000.0,4.0,20500000.0,4.0,5.0,1.0,0.2
244,2015,33550000.0,3.0,17500000.0,5.0,4.0,0.0,0.0
244,2016,43790000.0,8.0,53000000.0,6.0,8.0,0.0,0.0
244,2017,-500000.0,1.0,60000000.0,7.0,1.0,0.0,0.0
244,2018,-8150000.0,3.0,66000000.0,4.0,3.0,0.0,0.0
244,2019,-9950000.0,4.0,27000000.0,2.0,4.0,0.0,0.0
244,2020,10300000.0,3.0,12000000.0,2.0,3.0,0.0,0.0
244,2021,-10500000.0,2.0,59400000.0,7.0,2.0,0.0,0.0
252,2009,8750000.0,6.0,78990000.0,20.0,11.0,8.0,0.7272727272727273
252,2010,22300000.0,5.0,73650000.0,17.0,10.0,6.0,0.6
252,2011,43850000.0,13.0,52730000.0,14.0,17.0,4.0,0.23529411764705882
252,2012,33625000.0,12.0,25800000.0,11.0,17.0,1.0,0.058823529411764705
252,2013,-34444000.0,9.0,22680000.0,8.0,13.0,1.0,0.07692307692307693
252,2014,6300000.0,3.0,5750000.0,5.0,7.0,1.0,0.14285714285714285
252,2015,15200000.0,8.0,15150000.0,8.0,10.0,0.0,0.0
252,2016,39300000.0,6.0,26900000.0,12.0,7.0,0.0,0.0
252,2017,26400000.0,5.0,12350000.0,7.0,6.0,0.0,0.0
252,2018,45751000.0,12.0,50725000.0,13.0,12.0,1.0,0.08333333333333333
252,2019,8525000.0,6.0,149050000.0,11.0,8.0,1.0,0.125
252,2020,23950000.0,7.0,62200000.0,9.0,7.0,0.0,0.0
252,2021,4000000.0,2.0,20300000.0,7.0,2.0,0.0,0.0
273,2009,11927000.0,2.0,14600000.0,3.0,4.0,3.0,0.75
273,2010,20800000.0,2.0,22200000.0,8.0,5.0,4.0,0.8
273,2011,2625000.0,3.0,16800000.0,5.0,4.0,2.0,0.5
273,2012,14150000.0,4.0,8700000.0,3.0,7.0,3.0,0.42857142857142855
273,2013,2000000.0,6.0,13300000.0,5.0,7.0,1.0,0.14285714285714285
273,2014,-7750000.0,3.0,15140000.0,10.0,4.0,0.0,0.0
273,2015,-14400000.0,1.0,5140000.0,4.0,1.0,0.0,0.0
273,2016,50000.0,8.0,2270000.0,2.0,8.0,0.0,0.0
273,2017,5400000.0,5.0,53900000.0,8.0,6.0,0.0,0.0
273,2018,16800000.0,2.0,18000000.0,4.0,2.0,0.0,0.0
273,2019,-11600000.0,5.0,58100000.0,6.0,5.0,0.0,0.0
273,2020,-29080000.0,8.0,67000000.0,5.0,8.0,0.0,0.0
273,2021,-44550000.0,8.0,79500000.0,7.0,8.0,0.0,0.0
276,2013,-35500000.0,1.0,6800000.0,8.0,1.0,1.0,1.0
276,2014,24300000.0,4.0,21360000.0,6.0,7.0,1.0,0.14285714285714285
276,2015,850000.0,2.0,6300000.0,4.0,2.0,1.0,0.5
276,2017,-4750000.0,4.0,3050000.0,3.0,4.0,0.0,0.0
276,2019,5470000.0,7.0,22193000.0,12.0,7.0,1.0,0.14285714285714285
276,2020,-900000.0,3.0,14200000.0,8.0,3.0,2.0,0.6666666666666666
276,2021,2250000.0,4.0,31000000.0,6.0,4.0,1.0,0.25
281,2009,4100000.0,3.0,147300000.0,7.0,6.0,6.0,1.0
281,2010,22550000.0,2.0,183610000.0,7.0,4.0,4.0,1.0
281,2011,2000000.0,2.0,90550000.0,5.0,5.0,4.0,0.8
281,2012,22100000.0,3.0,61950000.0,5.0,5.0,2.0,0.4
281,2013,8400000.0,1.0,115500000.0,5.0,1.0,0.0,0.0
281,2014,25825000.0,3.0,102800000.0,5.0,3.0,0.0,0.0
281,2015,34300000.0,7.0,208195000.0,9.0,7.0,0.0,0.0
281,2016,19000000.0,4.0,215000000.0,10.0,4.0,0.0,0.0
281,2017,38850000.0,9.0,317500000.0,10.0,10.0,0.0,0.0
281,2018,-5400000.0,7.0,78590000.0,5.0,7.0,1.0,0.14285714285714285
281,2019,1500000.0,5.0,159520000.0,6.0,5.0,0.0,0.0
281,2020,-3350000.0,3.0,161800000.0,7.0,3.0,0.0,0.0
281,2021,-23200000.0,3.0,127500000.0,2.0,3.0,0.0,0.0
289,2009,4575000.0,3.0,44600000.0,6.0,8.0,8.0,1.0
289,2010,3740000.0,3.0,28500000.0,5.0,7.0,4.0,0.5714285714285714
289,2011,-2000000.0,1.0,27250000.0,7.0,2.0,2.0,1.0
289,2012,7725000.0,3.0,38300000.0,4.0,6.0,2.0,0.3333333333333333
289,2013,11705000.0,4.0,31960000.0,7.0,4.0,0.0,0.0
289,2014,2050000.0,3.0,21020000.0,4.0,3.0,0.0,0.0
289,2015,9050000.0,2.0,64650000.0,10.0,2.0,0.0,0.0
289,2016,-4230000.0,4.0,41900000.0,7.0,6.0,0.0,0.0
290,2009,0.0,0.0,1500000.0,1.0,1.0,1.0,1.0
290,2010,730000.0,1.0,3500000.0,2.0,2.0,2.0,1.0
290,2011,0.0,0.0,3750000.0,3.0,2.0,2.0,1.0
294,2009,900000.0,1.0,38300000.0,13.0,3.0,3.0,1.0
294,2010,57800000.0,5.0,37130000.0,8.0,6.0,4.0,0.6666666666666666
294,2011,37500000.0,2.0,30960000.0,9.0,3.0,2.0,0.6666666666666666
294,2012,53475000.0,7.0,32060000.0,5.0,9.0,1.0,0.1111111111111111
294,2013,24600000.0,5.0,54750000.0,9.0,6.0,0.0,0.0
294,2014,-54450000.0,10.0,36650000.0,11.0,11.0,2.0,0.18181818181818182
294,2015,-15700000.0,8.0,34550000.0,7.0,9.0,1.0,0.1111111111111111
294,2016,49650000.0,8.0,43770000.0,10.0,8.0,1.0,0.125
294,2017,21150000.0,9.0,8250000.0,7.0,9.0,0.0,0.0
294,2018,16380000.0,8.0,26510000.0,6.0,8.0,0.0,0.0
294,2019,85740000.0,8.0,64750000.0,5.0,8.0,1.0,0.125
294,2020,-6900000.0,3.0,103000000.0,8.0,3.0,0.0,0.0
294,2021,-3600000.0,7.0,24500000.0,3.0,7.0,0.0,0.0
306,2009,0.0,0.0,3700000.0,3.0,3.0,3.0,1.0
306,2010,0.0,0.0,2750000.0,1.0,2.0,2.0,1.0
306,2011,0.0,0.0,1450000.0,2.0,2.0,2.0,1.0
306,2012,7000000.0,2.0,2000000.0,3.0,3.0,0.0,0.0
306,2013,-5100000.0,3.0,1900000.0,2.0,3.0,0.0,0.0
306,2014,-24600000.0,5.0,3150000.0,4.0,5.0,0.0,0.0
306,2015,-22550000.0,4.0,3450000.0,4.0,4.0,0.0,0.0
306,2016,-550000.0,1.0,250000.0,1.0,1.0,0.0,0.0
306,2017,-7600000.0,4.0,4650000.0,5.0,4.0,0.0,0.0
306,2018,-12700000.0,4.0,1890000.0,3.0,4.0,0.0,0.0
306,2019,7625000.0,4.0,3050000.0,3.0,4.0,0.0,0.0
306,2020,3000000.0,2.0,5050000.0,5.0,2.0,0.0,0.0
306,2021,-400000.0,1.0,600000.0,1.0,1.0,0.0,0.0
317,2009,10500000.0,2.0,8400000.0,5.0,2.0,2.0,1.0
317,2010,-1300000.0,1.0,13400000.0,5.0,3.0,3.0,1.0
317,2011,11675000.0,1.0,8500000.0,3.0,3.0,1.0,0.3333333333333333
317,2012,2350000.0,3.0,18000000.0,5.0,3.0,0.0,0.0
317,2013,8550000.0,4.0,6250000.0,6.0,4.0,0.0,0.0
317,2014,-4500000.0,2.0,5600000.0,3.0,3.0,0.0,0.0
317,2015,-28850000.0,8.0,0.0,0.0,8.0,0.0,0.0
317,2016,-24500000.0,2.0,350000.0,3.0,2.0,0.0,0.0
317,2017,-22350000.0,3.0,700000.0,2.0,3.0,0.0,0.0
317,2020,-250000.0,1.0,0.0,0.0,1.0,0.0,0.0
317,2021,-1200000.0,2.0,0.0,0.0,2.0,0.0,0.0
331,2009,0.0,0.0,2460000.0,2.0,2.0,2.0,1.0
331,2010,-7000000.0,1.0,2790000.0,2.0,2.0,2.0,1.0
331,2011,4500000.0,1.0,2500000.0,2.0,2.0,1.0,0.5
331,2012,4625000.0,2.0,0.0,0.0,3.0,1.0,0.3333333333333333
331,2013,0.0,0.0,3100000.0,3.0,1.0,1.0,1.0
331,2016,-36250000.0,1.0,2200000.0,2.0,1.0,1.0,1.0
331,2019,0.0,0.0,13950000.0,7.0,0.0,0.0,0.0
331,2020,2150000.0,2.0,8250000.0,4.0,2.0,2.0,1.0
331,2021,0.0,0.0,8700000.0,2.0,0.0,0.0,0.0
332,2009,1490000.0,1.0,18385000.0,10.0,1.0,0.0,0.0
332,2010,257200000.0,2.0,8700000.0,3.0,2.0,1.0,0.5
336,2009,0.0,0.0,15466000.0,5.0,0.0,0.0,0.0
336,2010,15100000.0,2.0,12800000.0,6.0,3.0,3.0,1.0
336,2011,269000.0,1.0,34010000.0,13.0,5.0,3.0,0.6
336,2012,7590000.0,5.0,10650000.0,4.0,7.0,2.0,0.2857142857142857
336,2013,20460000.0,5.0,2740000.0,5.0,7.0,0.0,0.0
336,2014,4150000.0,4.0,10690000.0,7.0,4.0,0.0,0.0
336,2015,8020000.0,5.0,9520000.0,5.0,6.0,0.0,0.0
336,2016,62280000.0,6.0,34520000.0,10.0,7.0,0.0,0.0
336,2017,33382000.0,8.0,45310000.0,11.0,8.0,1.0,0.125
336,2018,-23710000.0,9.0,29550000.0,10.0,9.0,1.0,0.1111111111111111
336,2019,-43300000.0,8.0,30000000.0,5.0,8.0,0.0,0.0
336,2020,-14700000.0,6.0,35050000.0,5.0,6.0,0.0,0.0
336,2021,-2500000.0,2.0,12000000.0,2.0,2.0,0.0,0.0
337,2009,250000.0,1.0,18000000.0,6.0,1.0,1.0,1.0
337,2010,0.0,0.0,23400000.0,5.0,0.0,0.0,0.0
347,2014,-5050000.0,2.0,3600000.0,4.0,2.0,2.0,1.0
347,2016,-1225000.0,1.0,0.0,0.0,1.0,0.0,0.0
347,2017,-5875000.0,5.0,3600000.0,2.0,5.0,2.0,0.4
347,2019,-1600000.0,2.0,14350000.0,5.0,2.0,0.0,0.0
347,2020,0.0,1.0,14700000.0,6.0,1.0,1.0,1.0
347,2021,-4000000.0,3.0,0.0,0.0,3.0,0.0,0.0
350,2019,-350000.0,2.0,70500000.0,6.0,2.0,1.0,0.5
350,2020,0.0,0.0,62700000.0,6.0,0.0,0.0,0.0
355,2009,1700000.0,1.0,12000000.0,5.0,1.0,1.0,1.0
355,2010,-600000.0,1.0,5395000.0,3.0,1.0,1.0,1.0
355,2011,7030000.0,2.0,14600000.0,5.0,4.0,3.0,0.75
366,2009,-500000.0,2.0,6050000.0,3.0,2.0,2.0,1.0
366,2013,400000.0,2.0,1050000.0,2.0,2.0,0.0,0.0
366,2018,0.0,0.0,9600000.0,6.0,0.0,0.0,0.0
366,2019,5500000.0,1.0,1400000.0,2.0,1.0,1.0,1.0
366,2020,2000000.0,1.0,9350000.0,5.0,1.0,0.0,0.0
367,2011,1000000.0,1.0,0.0,0.0,1.0,1.0,1.0
367,2012,0.0,0.0,0.0,0.0,1.0,0.0,0.0
367,2013,5000000.0,1.0,0.0,0.0,1.0,0.0,0.0
367,2014,0.0,0.0,500000.0,1.0,0.0,0.0,0.0
367,2015,0.0,0.0,100000.0,1.0,0.0,0.0,0.0
367,2018,-2000000.0,2.0,10950000.0,7.0,2.0,1.0,0.5
367,2021,1000000.0,1.0,4300000.0,3.0,1.0,1.0,1.0
368,2009,0.0,0.0,27000000.0,3.0,4.0,4.0,1.0
368,2010,9150000.0,1.0,16300000.0,4.0,4.0,4.0,1.0
368,2011,1100000.0,1.0,19000000.0,7.0,6.0,2.0,0.3333333333333333
368,2012,10000000.0,2.0,14000000.0,5.0,2.0,0.0,0.0
368,2013,16350000.0,8.0,34550000.0,9.0,9.0,2.0,0.2222222222222222
368,2014,33850000.0,6.0,20950000.0,8.0,6.0,2.0,0.3333333333333333
368,2015,40100000.0,4.0,40000000.0,7.0,4.0,0.0,0.0
368,2016,30950000.0,8.0,76700000.0,10.0,8.0,0.0,0.0
368,2017,69250000.0,7.0,75700000.0,7.0,7.0,0.0,0.0
368,2018,23600000.0,5.0,76750000.0,8.0,5.0,0.0,0.0
368,2019,6350000.0,9.0,177750000.0,13.0,9.0,0.0,0.0
368,2020,-4320000.0,3.0,72250000.0,8.0,3.0,0.0,0.0
368,2021,-11500000.0,3.0,38500000.0,4.0,3.0,0.0,0.0
379,2009,28400000.0,1.0,21050000.0,7.0,4.0,4.0,1.0
379,2010,3950000.0,3.0,16475000.0,7.0,3.0,1.0,0.3333333333333333
379,2012,4150000.0,2.0,22345000.0,6.0,2.0,2.0,1.0
379,2013,205000.0,1.0,23300000.0,2.0,1.0,1.0,1.0
379,2014,3200000.0,1.0,35150000.0,6.0,1.0,0.0,0.0
379,2015,4800000.0,2.0,51700000.0,7.0,5.0,0.0,0.0
379,2016,33500000.0,2.0,70800000.0,6.0,2.0,1.0,0.5
379,2017,51920000.0,8.0,53300000.0,4.0,8.0,0.0,0.0
379,2018,3000000.0,3.0,100900000.0,7.0,3.0,0.0,0.0
379,2019,22230000.0,8.0,115300000.0,5.0,8.0,0.0,0.0
379,2020,-1290000.0,6.0,46900000.0,4.0,6.0,0.0,0.0
379,2021,-7000000.0,1.0,67300000.0,3.0,1.0,0.0,0.0
380,2021,0.0,0.0,2800000.0,3.0,0.0,0.0,0.0
383,2009,0.0,0.0,7100000.0,2.0,3.0,3.0,1.0
383,2010,75000.0,2.0,8500000.0,3.0,4.0,4.0,1.0
383,2011,13500000.0,1.0,26550000.0,6.0,2.0,2.0,1.0
383,2012,-3100000.0,1.0,8800000.0,3.0,2.0,1.0,0.5
383,2013,28455000.0,6.0,14555000.0,5.0,6.0,2.0,0.3333333333333333
383,2014,2100000.0,2.0,5500000.0,1.0,2.0,0.0,0.0
383,2015,-20300000.0,3.0,20300000.0,6.0,4.0,0.0,0.0
383,2016,14150000.0,3.0,5250000.0,2.0,3.0,0.0,0.0
383,2017,26400000.0,8.0,27900000.0,4.0,8.0,0.0,0.0
383,2018,5850000.0,5.0,21250000.0,5.0,5.0,0.0,0.0
383,2019,-19150000.0,7.0,31500000.0,4.0,7.0,0.0,0.0
383,2020,-1700000.0,4.0,15500000.0,3.0,4.0,1.0,0.25
383,2021,-12080000.0,6.0,6000000.0,2.0,6.0,0.0,0.0
385,2018,0.0,0.0,160000.0,1.0,0.0,0.0,0.0
385,2019,0.0,0.0,200000.0,1.0,0.0,0.0,0.0
385,2020,-400000.0,2.0,800000.0,4.0,2.0,0.0,0.0
398,2009,4000000.0,1.0,30650000.0,6.0,2.0,2.0,1.0
398,2010,22260000.0,2.0,29500000.0,5.0,4.0,3.0,0.75
398,2011,3150000.0,2.0,22340000.0,7.0,5.0,2.0,0.4
398,2012,0.0,0.0,1530000.0,2.0,2.0,2.0,1.0
398,2013,23150000.0,2.0,26830000.0,5.0,5.0,1.0,0.2
398,2014,-100000.0,1.0,12250000.0,3.0,1.0,0.0,0.0
398,2015,1550000.0,1.0,31250000.0,6.0,3.0,0.0,0.0
398,2016,23300000.0,3.0,32700000.0,7.0,4.0,0.0,0.0
398,2017,57120000.0,5.0,14600000.0,5.0,5.0,0.0,0.0
398,2018,28000000.0,1.0,51280000.0,6.0,1.0,0.0,0.0
398,2019,-5800000.0,4.0,46876000.0,11.0,4.0,0.0,0.0
398,2020,-250000.0,3.0,40620000.0,3.0,3.0,0.0,0.0
398,2021,-2000000.0,1.0,12560000.0,4.0,1.0,0.0,0.0
399,2020,0.0,0.0,105800000.0,6.0,0.0,0.0,0.0
399,2021,0.0,0.0,58900000.0,4.0,0.0,0.0,0.0
403,2010,0.0,0.0,0.0,0.0,1.0,1.0,1.0
403,2012,0.0,0.0,25000.0,1.0,0.0,0.0,0.0
403,2015,-88850000.0,2.0,300000.0,1.0,2.0,1.0,0.5
403,2016,0.0,0.0,150000.0,1.0,0.0,0.0,0.0
403,2017,-75000.0,1.0,225000.0,2.0,1.0,0.0,0.0
403,2018,2500000.0,1.0,100000.0,1.0,1.0,0.0,0.0
403,2019,-220000.0,1.0,250000.0,1.0,1.0,0.0,0.0
403,2020,-490000.0,2.0,1075000.0,4.0,2.0,0.0,0.0
403,2021,-500000.0,2.0,750000.0,1.0,2.0,0.0,0.0
405,2009,0.0,0.0,46900000.0,6.0,3.0,3.0,1.0
405,2010,22800000.0,2.0,37400000.0,3.0,4.0,4.0,1.0
405,2011,16920000.0,2.0,19335000.0,4.0,4.0,2.0,0.5
405,2012,0.0,0.0,27830000.0,8.0,1.0,0.0,0.0
405,2013,300000.0,1.0,19840000.0,7.0,2.0,0.0,0.0
405,2014,-2385000.0,4.0,13450000.0,4.0,4.0,0.0,0.0
405,2015,46450000.0,5.0,66200000.0,9.0,5.0,0.0,0.0
405,2019,500000.0,1.0,159100000.0,13.0,1.0,1.0,1.0
405,2020,270000.0,1.0,101350000.0,5.0,1.0,1.0,1.0
405,2021,19800000.0,3.0,99820000.0,3.0,3.0,0.0,0.0
410,2009,27600000.0,5.0,18333000.0,11.0,6.0,6.0,1.0
410,2010,10700000.0,2.0,13550000.0,8.0,5.0,5.0,1.0
410,2011,52000000.0,5.0,20611000.0,9.0,9.0,5.0,0.5555555555555556
410,2012,51175000.0,5.0,26400000.0,8.0,6.0,2.0,0.3333333333333333
410,2013,26100000.0,5.0,24410000.0,14.0,5.0,1.0,0.2
410,2014,8350000.0,5.0,29200000.0,10.0,6.0,1.0,0.16666666666666666
410,2015,-19200000.0,7.0,21420000.0,9.0,8.0,1.0,0.125
410,2016,-31500000.0,5.0,26000000.0,6.0,5.0,0.0,0.0
410,2017,-81775000.0,4.0,22441000.0,10.0,5.0,0.0,0.0
410,2018,111000.0,7.0,47800000.0,8.0,7.0,0.0,0.0
410,2019,15335000.0,9.0,12600000.0,5.0,9.0,0.0,0.0
410,2020,-6750000.0,6.0,3500000.0,1.0,6.0,1.0,0.16666666666666666
410,2021,-15100000.0,8.0,9300000.0,4.0,8.0,2.0,0.25
415,2009,0.0,0.0,6000000.0,2.0,3.0,3.0,1.0
415,2010,14725000.0,2.0,0.0,0.0,2.0,1.0,0.5
415,2011,2425000.0,1.0,13340000.0,5.0,3.0,2.0,0.6666666666666666
415,2012,-200000.0,3.0,1000000.0,1.0,4.0,2.0,0.5
415,2013,13200000.0,3.0,13550000.0,8.0,4.0,3.0,0.75
415,2014,13300000.0,2.0,3000000.0,3.0,2.0,0.0,0.0
415,2015,-5000000.0,2.0,2900000.0,2.0,2.0,0.0,0.0
415,2016,-25500000.0,2.0,13000000.0,5.0,2.0,0.0,0.0
415,2017,1350000.0,4.0,3500000.0,1.0,4.0,0.0,0.0
415,2018,-4250000.0,4.0,18450000.0,7.0,4.0,0.0,0.0
415,2019,-6450000.0,5.0,14000000.0,3.0,5.0,0.0,0.0
416,2012,3530000.0,3.0,24280000.0,10.0,3.0,0.0,0.0
416,2013,13065000.0,4.0,19900000.0,6.0,5.0,3.0,0.6
416,2014,-4790000.0,4.0,22300000.0,7.0,5.0,0.0,0.0
416,2015,4500000.0,4.0,27200000.0,7.0,4.0,1.0,0.25
416,2016,1880000.0,5.0,27980000.0,9.0,7.0,1.0,0.14285714285714285
416,2017,44650000.0,9.0,18850000.0,4.0,10.0,2.0,0.2
416,2018,4100000.0,5.0,49550000.0,7.0,5.0,0.0,0.0
416,2019,14200000.0,4.0,27300000.0,4.0,4.0,0.0,0.0
416,2020,2200000.0,3.0,43650000.0,5.0,3.0,1.0,0.3333333333333333
416,2021,2000000.0,3.0,7400000.0,3.0,3.0,0.0,0.0
417,2009,0.0,0.0,3500000.0,2.0,3.0,3.0,1.0
417,2010,16650000.0,2.0,1300000.0,2.0,3.0,3.0,1.0
417,2011,100000.0,2.0,8100000.0,5.0,2.0,0.0,0.0
417,2012,6000000.0,4.0,6000000.0,3.0,5.0,1.0,0.2
417,2014,-2000000.0,2.0,1300000.0,2.0,3.0,1.0,0.3333333333333333
417,2015,-14600000.0,3.0,4100000.0,4.0,3.0,0.0,0.0
417,2016,7100000.0,2.0,15250000.0,7.0,2.0,0.0,0.0
417,2017,21600000.0,3.0,26300000.0,6.0,3.0,0.0,0.0
417,2018,10200000.0,5.0,28000000.0,4.0,5.0,0.0,0.0
417,2019,-25800000.0,5.0,50000000.0,4.0,5.0,0.0,0.0
417,2020,-3690000.0,6.0,29230000.0,6.0,6.0,0.0,0.0
417,2021,-800000.0,4.0,48000000.0,6.0,4.0,0.0,0.0
418,2009,14200000.0,3.0,258500000.0,8.0,9.0,8.0,0.8888888888888888
418,2010,0.0,0.0,89000000.0,6.0,1.0,1.0,1.0
418,2011,0.0,0.0,56000000.0,4.0,1.0,1.0,1.0
418,2012,-12500000.0,1.0,38500000.0,2.0,5.0,2.0,0.4
418,2013,101200000.0,5.0,175500000.0,5.0,5.0,1.0,0.2
418,2014,30300000.0,3.0,123000000.0,4.0,5.0,0.0,0.0
418,2015,9000000.0,1.0,85400000.0,6.0,1.0,0.0,0.0
418,2016,23500000.0,4.0,30000000.0,1.0,4.0,1.0,0.25
418,2017,22300000.0,5.0,40500000.0,2.0,5.0,1.0,0.2
418,2018,67800000.0,4.0,162750000.0,8.0,4.0,0.0,0.0
418,2019,-67500000.0,5.0,353500000.0,7.0,5.0,0.0,0.0
418,2020,-30300000.0,7.0,0.0,0.0,7.0,0.0,0.0
418,2021,-35000000.0,2.0,31000000.0,1.0,2.0,0.0,0.0
430,2009,27550000.0,3.0,35450000.0,10.0,7.0,6.0,0.8571428571428571
430,2010,1100000.0,1.0,22800000.0,6.0,2.0,1.0,0.5
430,2011,-149000.0,1.0,17935000.0,12.0,6.0,2.0,0.3333333333333333
430,2012,24350000.0,3.0,38090000.0,12.0,4.0,1.0,0.25
430,2013,18200000.0,3.0,53300000.0,6.0,3.0,1.0,0.3333333333333333
430,2014,18850000.0,3.0,7600000.0,3.0,4.0,0.0,0.0
430,2015,-3800000.0,7.0,20900000.0,7.0,7.0,1.0,0.14285714285714285
430,2016,-19850000.0,7.0,11900000.0,5.0,9.0,2.0,0.2222222222222222
430,2017,40000000.0,7.0,77400000.0,16.0,8.0,1.0,0.125
430,2018,1460000.0,6.0,53900000.0,11.0,6.0,1.0,0.16666666666666666
430,2019,-5580000.0,4.0,46400000.0,6.0,4.0,0.0,0.0
430,2020,-14100000.0,4.0,48500000.0,6.0,4.0,0.0,0.0
430,2021,-7300000.0,6.0,29000000.0,3.0,6.0,1.0,0.16666666666666666
458,2009,0.0,0.0,16600000.0,5.0,3.0,3.0,1.0
458,2010,5575000.0,4.0,32781000.0,14.0,5.0,4.0,0.8
458,2011,49100000.0,8.0,45780000.0,16.0,14.0,6.0,0.42857142857142855
458,2012,-2345000.0,5.0,22550000.0,9.0,9.0,3.0,0.3333333333333333
458,2014,13100000.0,3.0,19700000.0,9.0,3.0,3.0,1.0
458,2015,-33700000.0,5.0,12250000.0,9.0,5.0,0.0,0.0
458,2016,12850000.0,6.0,8180000.0,6.0,6.0,0.0,0.0
467,2009,0.0,0.0,2270000.0,2.0,1.0,1.0,1.0
467,2010,150000.0,1.0,0.0,0.0,1.0,1.0,1.0
467,2011,-1770000.0,1.0,0.0,0.0,3.0,0.0,0.0
467,2012,-3250000.0,1.0,300000.0,1.0,2.0,0.0,0.0
467,2013,-75000.0,1.0,800000.0,3.0,1.0,0.0,0.0
467,2015,-3050000.0,2.0,450000.0,2.0,2.0,0.0,0.0
467,2016,300000.0,1.0,975000.0,4.0,1.0,1.0,1.0
468,2009,0.0,0.0,50000.0,1.0,0.0,0.0,0.0
468,2017,-13750000.0,2.0,0.0,0.0,2.0,2.0,1.0
468,2019,-1625000.0,2.0,0.0,0.0,2.0,1.0,0.5
468,2020,-100000.0,2.0,100000.0,1.0,2.0,0.0,0.0
468,2021,5925000.0,2.0,0.0,0.0,2.0,0.0,0.0
472,2015,0.0,0.0,6400000.0,3.0,0.0,0.0,0.0
472,2016,0.0,0.0,2400000.0,2.0,0.0,0.0,0.0
472,2017,19000000.0,2.0,350000.0,1.0,2.0,1.0,0.5
499,2009,2300000.0,1.0,0.0,0.0,2.0,2.0,1.0
499,2010,600000.0,2.0,5800000.0,3.0,3.0,3.0,1.0
499,2011,0.0,1.0,2420000.0,3.0,1.0,1.0,1.0
499,2012,4250000.0,2.0,2550000.0,2.0,2.0,1.0,0.5
499,2013,22950000.0,2.0,0.0,0.0,3.0,0.0,0.0
499,2014,0.0,0.0,500000.0,1.0,0.0,0.0,0.0
499,2015,1550000.0,2.0,1450000.0,3.0,2.0,0.0,0.0
499,2016,-300000.0,4.0,600000.0,1.0,4.0,0.0,0.0
499,2017,4025000.0,5.0,4450000.0,5.0,5.0,1.0,0.2
499,2018,-1900000.0,1.0,4140000.0,4.0,1.0,0.0,0.0
499,2019,400000.0,3.0,2500000.0,3.0,3.0,0.0,0.0
499,2021,0.0,0.0,1830000.0,1.0,0.0,0.0,0.0
506,2009,3300000.0,1.0,57300000.0,4.0,4.0,3.0,0.75
506,2010,20800000.0,4.0,47300000.0,5.0,7.0,5.0,0.7142857142857143
506,2011,4650000.0,4.0,99330000.0,13.0,7.0,4.0,0.5714285714285714
506,2012,-26775000.0,5.0,71800000.0,8.0,7.0,4.0,0.5714285714285714
506,2013,1350000.0,8.0,45500000.0,13.0,11.0,2.0,0.18181818181818182
506,2014,12650000.0,6.0,57600000.0,15.0,8.0,2.0,0.25
506,2015,23930000.0,7.0,180199000.0,14.0,7.0,0.0,0.0
506,2016,41900000.0,11.0,155800000.0,6.0,12.0,0.0,0.0
506,2017,42200000.0,18.0,159100000.0,11.0,18.0,5.0,0.2777777777777778
506,2018,52620000.0,10.0,259100000.0,7.0,10.0,2.0,0.2
506,2019,36044000.0,13.0,223500000.0,6.0,13.0,2.0,0.15384615384615385
506,2020,57400000.0,5.0,108200000.0,4.0,5.0,2.0,0.4
506,2021,-49000000.0,2.0,23900000.0,3.0,2.0,0.0,0.0
512,2009,0.0,0.0,26050000.0,6.0,3.0,3.0,1.0
512,2010,0.0,0.0,21100000.0,5.0,3.0,2.0,0.6666666666666666
512,2011,-100000.0,1.0,24800000.0,3.0,3.0,2.0,0.6666666666666666
512,2012,0.0,0.0,23680000.0,7.0,1.0,0.0,0.0
512,2013,0.0,0.0,6400000.0,2.0,0.0,0.0,0.0
512,2014,1500000.0,1.0,1800000.0,1.0,2.0,0.0,0.0
512,2015,9800000.0,2.0,53650000.0,5.0,3.0,0.0,0.0
512,2016,2290000.0,1.0,36425000.0,6.0,1.0,0.0,0.0
512,2017,15740000.0,4.0,49300000.0,4.0,6.0,1.0,0.16666666666666666
533,2009,0.0,0.0,16100000.0,3.0,1.0,1.0,1.0
533,2010,17000000.0,2.0,22450000.0,7.0,6.0,4.0,0.6666666666666666
533,2011,0.0,0.0,4900000.0,7.0,2.0,1.0,0.5
533,2012,11400000.0,5.0,24900000.0,9.0,7.0,3.0,0.42857142857142855
533,2013,150000.0,2.0,9900000.0,5.0,3.0,0.0,0.0
533,2014,-25605000.0,7.0,19200000.0,7.0,7.0,0.0,0.0
533,2015,-3875000.0,8.0,23400000.0,9.0,9.0,1.0,0.1111111111111111
533,2016,-6300000.0,7.0,27438000.0,7.0,7.0,0.0,0.0
533,2017,-17700000.0,5.0,13700000.0,3.0,6.0,0.0,0.0
533,2018,-550000.0,4.0,31500000.0,6.0,4.0,0.0,0.0
533,2019,43050000.0,8.0,55000000.0,6.0,8.0,0.0,0.0
533,2020,-8800000.0,3.0,3750000.0,2.0,3.0,0.0,0.0
533,2021,-1000000.0,1.0,0.0,0.0,1.0,0.0,0.0
543,2009,-70000.0,1.0,19200000.0,6.0,3.0,3.0,1.0
543,2010,685000.0,1.0,20215000.0,8.0,4.0,2.0,0.5
543,2011,55000.0,4.0,12050000.0,3.0,4.0,2.0,0.5
543,2018,15100000.0,6.0,108250000.0,9.0,6.0,4.0,0.6666666666666666
543,2019,3200000.0,2.0,116700000.0,7.0,2.0,1.0,0.5
543,2020,10200000.0,3.0,84800000.0,5.0,3.0,0.0,0.0
543,2021,3500000.0,3.0,26300000.0,4.0,3.0,1.0,0.3333333333333333
583,2009,-475000.0,2.0,15500000.0,4.0,5.0,5.0,1.0
583,2010,6775000.0,1.0,9000000.0,3.0,1.0,1.0,1.0
583,2011,6200000.0,3.0,107100000.0,11.0,4.0,3.0,0.75
583,2012,1900000.0,1.0,151000000.0,6.0,2.0,1.0,0.5
583,2013,17500000.0,2.0,135900000.0,4.0,2.0,1.0,0.5
583,2014,0.0,0.0,49500000.0,1.0,2.0,1.0,0.5
583,2015,-24000000.0,1.0,116100000.0,5.0,3.0,0.0,0.0
583,2016,18600000.0,4.0,134500000.0,6.0,4.0,0.0,0.0
583,2017,48400000.0,5.0,238000000.0,2.0,5.0,0.0,0.0
583,2018,24500000.0,6.0,227000000.0,4.0,6.0,0.0,0.0
583,2019,-49400000.0,9.0,95000000.0,4.0,9.0,0.0,0.0
583,2020,-800000.0,1.0,57500000.0,3.0,1.0,0.0,0.0
583,2021,-3000000.0,1.0,76000000.0,2.0,1.0,0.0,0.0
595,2012,-6575000.0,2.0,0.0,0.0,2.0,2.0,1.0
595,2013,1850000.0,1.0,1000000.0,1.0,1.0,0.0,0.0
595,2014,-2500000.0,1.0,100000.0,1.0,1.0,1.0,1.0
595,2015,-500000.0,1.0,0.0,0.0,1.0,0.0,0.0
595,2016,-850000.0,4.0,250000.0,1.0,4.0,0.0,0.0
603,2013,-2660000.0,2.0,44015000.0,10.0,2.0,1.0,0.5
603,2018,0.0,0.0,51200000.0,6.0,0.0,0.0,0.0
607,2021,-600000.0,1.0,15890000.0,5.0,1.0,1.0,1.0
610,2009,11100000.0,1.0,12300000.0,3.0,1.0,1.0,1.0
610,2010,13600000.0,3.0,5000000.0,1.0,3.0,3.0,1.0
610,2011,6680000.0,2.0,13280000.0,5.0,3.0,2.0,0.6666666666666666
610,2012,18750000.0,6.0,5720000.0,3.0,8.0,5.0,0.625
610,2013,-3000000.0,1.0,6800000.0,2.0,4.0,1.0,0.25
610,2014,11250000.0,7.0,12300000.0,5.0,7.0,4.0,0.5714285714285714
610,2015,5250000.0,2.0,11300000.0,3.0,2.0,0.0,0.0
610,2016,23500000.0,10.0,43500000.0,4.0,10.0,0.0,0.0
610,2017,20700000.0,5.0,26250000.0,7.0,5.0,0.0,0.0
610,2018,-450000.0,2.0,52950000.0,5.0,2.0,0.0,0.0
610,2019,3000000.0,10.0,56700000.0,6.0,10.0,0.0,0.0
610,2020,-3500000.0,5.0,63200000.0,5.0,5.0,0.0,0.0
610,2021,-21000000.0,5.0,18500000.0,3.0,5.0,0.0,0.0
618,2009,11400000.0,1.0,18500000.0,5.0,3.0,3.0,1.0
618,2010,800000.0,1.0,3925000.0,4.0,2.0,1.0,0.5
618,2011,18700000.0,5.0,15600000.0,9.0,6.0,4.0,0.6666666666666666
618,2012,3700000.0,2.0,4500000.0,2.0,2.0,0.0,0.0
618,2013,-22400000.0,4.0,15500000.0,4.0,4.0,0.0,0.0
618,2014,0.0,0.0,4000000.0,1.0,0.0,0.0,0.0
618,2015,-15050000.0,3.0,20300000.0,8.0,4.0,0.0,0.0
618,2016,375000.0,3.0,7000000.0,2.0,3.0,1.0,0.3333333333333333
618,2017,-10300000.0,5.0,19300000.0,5.0,5.0,0.0,0.0
618,2018,9300000.0,5.0,15000000.0,3.0,5.0,0.0,0.0
618,2019,10250000.0,5.0,13000000.0,5.0,5.0,0.0,0.0
618,2020,-10600000.0,5.0,4900000.0,2.0,5.0,0.0,0.0
621,2009,0.0,0.0,2350000.0,2.0,0.0,0.0,0.0
621,2010,0.0,0.0,2720000.0,2.0,0.0,0.0,0.0
621,2011,0.0,0.0,7500000.0,1.0,0.0,0.0,0.0
621,2012,35500000.0,1.0,2500000.0,1.0,1.0,1.0,1.0
621,2013,0.0,0.0,15400000.0,4.0,0.0,0.0,0.0
621,2014,23000000.0,1.0,1000000.0,1.0,1.0,0.0,0.0
621,2015,0.0,0.0,10000000.0,1.0,0.0,0.0,0.0
621,2017,20000000.0,1.0,32000000.0,1.0,1.0,0.0,0.0
621,2018,67000000.0,1.0,32900000.0,5.0,1.0,0.0,0.0
621,2020,0.0,0.0,12000000.0,1.0,0.0,0.0,0.0
630,2009,5000000.0,1.0,5700000.0,4.0,2.0,1.0,0.5
630,2010,-14000000.0,1.0,0.0,0.0,2.0,1.0,0.5
630,2011,1600000.0,1.0,0.0,0.0,2.0,0.0,0.0
631,2009,550000.0,1.0,30000000.0,3.0,2.0,2.0,1.0
631,2010,5550000.0,3.0,121500000.0,6.0,4.0,4.0,1.0
631,2011,12360000.0,5.0,96450000.0,10.0,6.0,3.0,0.5
631,2012,13000000.0,1.0,109700000.0,8.0,2.0,0.0,0.0
631,2013,-34770000.0,3.0,130350000.0,9.0,4.0,1.0,0.25
631,2014,-18440000.0,4.0,137700000.0,6.0,7.0,1.0,0.14285714285714285
631,2015,21940000.0,6.0,89500000.0,8.0,7.0,2.0,0.2857142857142857
631,2016,-46500000.0,6.0,132800000.0,4.0,6.0,0.0,0.0
631,2017,93100000.0,8.0,260500000.0,9.0,8.0,0.0,0.0
631,2018,-21000000.0,2.0,201000000.0,3.0,2.0,0.0,0.0
631,2019,108400000.0,6.0,45000000.0,1.0,6.0,0.0,0.0
631,2020,-17500000.0,3.0,247200000.0,5.0,3.0,0.0,0.0
631,2021,-11700000.0,6.0,115000000.0,1.0,6.0,0.0,0.0
641,2016,9200000.0,4.0,47950000.0,8.0,4.0,3.0,0.75
642,2011,0.0,0.0,375000.0,3.0,0.0,0.0,0.0
642,2015,-250000.0,1.0,50000.0,1.0,1.0,1.0,1.0
648,2009,0.0,0.0,300000.0,1.0,0.0,0.0,0.0
667,2017,1500000.0,1.0,5400000.0,5.0,1.0,1.0,1.0
667,2018,10000000.0,1.0,15750000.0,6.0,1.0,1.0,1.0
667,2019,500000.0,4.0,11000000.0,5.0,4.0,1.0,0.25
667,2020,-3500000.0,1.0,12000000.0,2.0,1.0,0.0,0.0
667,2021,-3500000.0,2.0,3000000.0,2.0,2.0,0.0,0.0
681,2010,0.0,0.0,4200000.0,3.0,0.0,0.0,0.0
681,2012,0.0,0.0,14000000.0,1.0,1.0,0.0,0.0
681,2013,26000000.0,1.0,6500000.0,2.0,1.0,0.0,0.0
681,2014,2200000.0,3.0,12000000.0,2.0,3.0,2.0,0.6666666666666666
681,2015,0.0,0.0,23200000.0,3.0,0.0,0.0,0.0
681,2016,8900000.0,2.0,18000000.0,3.0,2.0,0.0,0.0
681,2017,15000000.0,3.0,25500000.0,3.0,3.0,0.0,0.0
681,2018,19300000.0,2.0,12000000.0,1.0,2.0,1.0,0.5
681,2019,5000000.0,1.0,29750000.0,4.0,1.0,0.0,0.0
681,2020,950000.0,3.0,10000000.0,1.0,3.0,0.0,0.0
681,2021,0.0,0.0,500000.0,1.0,0.0,0.0,0.0
714,2009,3250000.0,2.0,5000000.0,2.0,4.0,3.0,0.75
714,2010,9600000.0,2.0,10900000.0,4.0,4.0,2.0,0.5
714,2011,6350000.0,2.0,6500000.0,3.0,4.0,2.0,0.5
714,2012,4050000.0,2.0,3350000.0,3.0,3.0,0.0,0.0
714,2013,8250000.0,3.0,750000.0,2.0,3.0,0.0,0.0
714,2014,-1500000.0,2.0,2200000.0,2.0,2.0,0.0,0.0
714,2015,-5300000.0,4.0,3150000.0,3.0,5.0,1.0,0.2
714,2016,-900000.0,2.0,18200000.0,6.0,2.0,0.0,0.0
714,2017,-30500000.0,4.0,16550000.0,4.0,5.0,0.0,0.0
714,2018,-14900000.0,3.0,20000000.0,3.0,3.0,0.0,0.0
714,2019,9500000.0,3.0,61500000.0,6.0,3.0,0.0,0.0
714,2021,0.0,0.0,5500000.0,4.0,0.0,0.0,0.0
720,2009,39250000.0,3.0,30230000.0,10.0,9.0,9.0,1.0
720,2010,21800000.0,1.0,36000000.0,7.0,6.0,6.0,1.0
720,2011,37800000.0,1.0,44940000.0,7.0,2.0,0.0,0.0
720,2012,59425000.0,6.0,13070000.0,4.0,7.0,2.0,0.2857142857142857
720,2013,47500000.0,3.0,34700000.0,7.0,4.0,0.0,0.0
720,2014,71760000.0,5.0,49500000.0,9.0,6.0,2.0,0.3333333333333333
720,2015,43150000.0,8.0,44000000.0,8.0,9.0,2.0,0.2222222222222222
720,2016,6733000.0,4.0,40650000.0,6.0,5.0,0.0,0.0
720,2017,-16700000.0,5.0,21000000.0,2.0,5.0,0.0,0.0
720,2018,5050000.0,9.0,40060000.0,11.0,9.0,0.0,0.0
720,2019,11500000.0,5.0,63250000.0,8.0,5.0,0.0,0.0
720,2020,8450000.0,7.0,20710000.0,4.0,7.0,0.0,0.0
720,2021,0.0,2.0,23700000.0,4.0,2.0,0.0,0.0
749,2014,-342000.0,3.0,360000.0,1.0,3.0,3.0,1.0
749,2015,-2800000.0,2.0,5300000.0,3.0,2.0,2.0,1.0
749,2016,8000000.0,1.0,7000000.0,4.0,1.0,1.0,1.0
749,2018,11900000.0,5.0,13800000.0,6.0,5.0,2.0,0.4
749,2021,900000.0,5.0,9000000.0,6.0,5.0,3.0,0.6
750,2009,-1450000.0,2.0,7500000.0,4.0,3.0,3.0,1.0
750,2010,700000.0,1.0,3300000.0,2.0,2.0,2.0,1.0
750,2011,8825000.0,1.0,5250000.0,4.0,2.0,0.0,0.0
750,2012,14510000.0,3.0,7550000.0,4.0,4.0,2.0,0.5
750,2013,100000.0,2.0,3150000.0,3.0,2.0,2.0,1.0
762,2010,40000000.0,1.0,11480000.0,3.0,1.0,1.0,1.0
762,2011,880000.0,1.0,27000000.0,6.0,4.0,4.0,1.0
762,2012,-500000.0,1.0,31965000.0,9.0,3.0,2.0,0.6666666666666666
762,2013,70000.0,1.0,0.0,0.0,2.0,0.0,0.0
762,2014,13200000.0,3.0,43020000.0,7.0,3.0,0.0,0.0
762,2015,1200000.0,3.0,106910000.0,8.0,4.0,0.0,0.0
762,2017,-12590000.0,6.0,39300000.0,5.0,6.0,2.0,0.3333333333333333
762,2018,-80850000.0,6.0,56400000.0,6.0,6.0,1.0,0.16666666666666666
762,2019,11640000.0,2.0,67400000.0,3.0,2.0,0.0,0.0
762,2020,-925000.0,1.0,39000000.0,3.0,1.0,1.0,1.0
762,2021,0.0,0.0,29400000.0,1.0,0.0,0.0,0.0
798,2014,-25000.0,1.0,0.0,0.0,1.0,1.0,1.0
798,2015,-225000.0,1.0,300000.0,1.0,1.0,1.0,1.0
798,2017,0.0,0.0,300000.0,1.0,0.0,0.0,0.0
798,2018,150000.0,1.0,0.0,0.0,1.0,0.0,0.0
800,2009,10930000.0,3.0,10500000.0,6.0,4.0,4.0,1.0
800,2011,5250000.0,2.0,14000000.0,4.0,5.0,4.0,0.8
800,2012,10800000.0,2.0,16950000.0,8.0,3.0,1.0,0.3333333333333333
800,2013,4475000.0,3.0,11325000.0,9.0,3.0,3.0,1.0
800,2014,6600000.0,5.0,10670000.0,4.0,7.0,4.0,0.5714285714285714
800,2015,19600000.0,8.0,23830000.0,11.0,8.0,3.0,0.375
800,2016,10450000.0,5.0,13840000.0,6.0,5.0,1.0,0.2
800,2017,-3695000.0,5.0,61370000.0,11.0,5.0,2.0,0.4
800,2018,6875000.0,4.0,38800000.0,8.0,4.0,1.0,0.25
800,2019,66800000.0,9.0,57650000.0,6.0,9.0,2.0,0.2222222222222222
800,2020,-14400000.0,6.0,55600000.0,6.0,6.0,0.0,0.0
800,2021,-17400000.0,6.0,65000000.0,5.0,6.0,0.0,0.0
826,2009,-1500000.0,1.0,4950000.0,4.0,1.0,1.0,1.0
826,2010,4915000.0,2.0,0.0,0.0,3.0,2.0,0.6666666666666666
826,2014,2500000.0,1.0,0.0,0.0,1.0,0.0,0.0
826,2020,0.0,0.0,19000000.0,4.0,0.0,0.0,0.0
826,2021,-1500000.0,2.0,16100000.0,5.0,2.0,0.0,0.0
855,2013,6700000.0,1.0,1200000.0,2.0,1.0,1.0,1.0
855,2014,2150000.0,1.0,2400000.0,2.0,1.0,1.0,1.0
855,2015,5600000.0,1.0,1950000.0,2.0,1.0,0.0,0.0
855,2016,1000000.0,1.0,0.0,0.0,1.0,0.0,0.0
855,2017,-1250000.0,3.0,1375000.0,3.0,3.0,1.0,0.3333333333333333
855,2018,1000000.0,1.0,3500000.0,2.0,1.0,0.0,0.0
862,2009,0.0,0.0,1900000.0,4.0,3.0,2.0,0.6666666666666666
862,2010,75000.0,1.0,6100000.0,8.0,1.0,1.0,1.0
862,2011,750000.0,2.0,11000000.0,10.0,6.0,2.0,0.3333333333333333
862,2012,-1743000.0,5.0,10300000.0,4.0,5.0,2.0,0.4
862,2013,2575000.0,2.0,3400000.0,5.0,5.0,1.0,0.2
862,2014,-4160000.0,4.0,7350000.0,8.0,5.0,2.0,0.4
862,2015,8787000.0,5.0,5150000.0,4.0,5.0,2.0,0.4
862,2016,5000000.0,2.0,12572000.0,5.0,2.0,1.0,0.5
862,2017,1521000.0,10.0,2650000.0,6.0,10.0,3.0,0.3
862,2018,6200000.0,5.0,9250000.0,6.0,6.0,2.0,0.3333333333333333
873,2013,0.0,0.0,33000000.0,13.0,0.0,0.0,0.0
873,2014,-9530000.0,2.0,31220000.0,8.0,2.0,1.0,0.5
873,2015,0.0,0.0,28800000.0,3.0,1.0,1.0,1.0
873,2016,35500000.0,3.0,98000000.0,7.0,4.0,2.0,0.5
873,2017,1000000.0,1.0,48950000.0,4.0,1.0,0.0,0.0
873,2018,0.0,0.0,10700000.0,1.0,0.0,0.0,0.0
873,2019,15000000.0,1.0,6100000.0,2.0,1.0,0.0,0.0
873,2020,4000000.0,1.0,18900000.0,2.0,1.0,0.0,0.0
873,2021,0.0,0.0,73440000.0,5.0,0.0,0.0,0.0
897,2009,125000.0,1.0,2000000.0,1.0,2.0,2.0,1.0
897,2010,12100000.0,2.0,0.0,0.0,3.0,3.0,1.0
897,2014,0.0,0.0,200000.0,1.0,0.0,0.0,0.0
897,2015,0.0,0.0,8000000.0,2.0,0.0,0.0,0.0
897,2016,17500000.0,1.0,7000000.0,3.0,1.0,0.0,0.0
897,2017,4500000.0,2.0,9500000.0,4.0,2.0,0.0,0.0
931,2009,0.0,0.0,6930000.0,5.0,0.0,0.0,0.0
931,2010,-3800000.0,2.0,11050000.0,4.0,4.0,3.0,0.75
931,2011,0.0,0.0,18130000.0,6.0,4.0,1.0,0.25
931,2012,18100000.0,2.0,10000000.0,3.0,6.0,3.0,0.5
931,2013,2500000.0,1.0,26900000.0,5.0,1.0,0.0,0.0
931,2018,850000.0,2.0,115100000.0,8.0,2.0,1.0,0.5
931,2020,0.0,0.0,29550000.0,6.0,0.0,0.0,0.0
940,2012,0.0,0.0,4150000.0,4.0,0.0,0.0,0.0
940,2013,1800000.0,1.0,6000000.0,3.0,1.0,1.0,1.0
940,2014,0.0,1.0,3900000.0,4.0,1.0,0.0,0.0
940,2015,-2400000.0,4.0,16300000.0,5.0,5.0,1.0,0.2
940,2016,17600000.0,2.0,8400000.0,4.0,2.0,0.0,0.0
940,2017,9000000.0,2.0,26800000.0,5.0,2.0,0.0,0.0
940,2018,-11500000.0,8.0,29500000.0,5.0,8.0,0.0,0.0
940,2019,-7050000.0,5.0,20900000.0,2.0,5.0,0.0,0.0
940,2020,-2000000.0,1.0,3000000.0,2.0,1.0,0.0,0.0
940,2021,800000.0,1.0,8000000.0,2.0,1.0,0.0,0.0
969,2010,12400000.0,2.0,4300000.0,4.0,3.0,3.0,1.0
969,2011,0.0,0.0,2000000.0,1.0,1.0,0.0,0.0
969,2012,15750000.0,2.0,12500000.0,4.0,2.0,1.0,0.5
969,2013,6500000.0,2.0,2500000.0,3.0,4.0,0.0,0.0
969,2014,5600000.0,2.0,4000000.0,3.0,2.0,0.0,0.0
969,2015,3400000.0,2.0,1775000.0,2.0,2.0,1.0,0.5
969,2016,-1000000.0,3.0,6400000.0,4.0,4.0,1.0,0.25
969,2017,11450000.0,3.0,5700000.0,3.0,3.0,0.0,0.0
969,2018,-10300000.0,3.0,10150000.0,6.0,3.0,0.0,0.0
969,2019,3000000.0,4.0,18800000.0,4.0,4.0,0.0,0.0
969,2020,0.0,0.0,13100000.0,3.0,0.0,0.0,0.0
969,2021,-3000000.0,2.0,0.0,0.0,2.0,0.0,0.0
979,2014,500000.0,1.0,0.0,0.0,1.0,1.0,1.0
979,2015,-200000.0,1.0,0.0,0.0,1.0,0.0,0.0
979,2017,1100000.0,3.0,0.0,0.0,3.0,0.0,0.0
979,2018,740000.0,1.0,0.0,0.0,2.0,0.0,0.0
979,2019,-750000.0,1.0,2000000.0,2.0,1.0,0.0,0.0
979,2020,-300000.0,1.0,0.0,0.0,1.0,0.0,0.0
982,2009,4450000.0,1.0,800000.0,2.0,2.0,2.0,1.0
982,2010,0.0,0.0,1400000.0,2.0,0.0,0.0,0.0
982,2011,2450000.0,2.0,750000.0,1.0,2.0,2.0,1.0
982,2012,1350000.0,2.0,40000.0,1.0,2.0,0.0,0.0
982,2013,0.0,0.0,1300000.0,2.0,0.0,0.0,0.0
982,2014,-1010000.0,3.0,0.0,0.0,3.0,0.0,0.0
982,2015,180000.0,2.0,0.0,0.0,2.0,0.0,0.0
982,2016,-8800000.0,3.0,100000.0,1.0,3.0,0.0,0.0
982,2018,0.0,0.0,2700000.0,2.0,0.0,0.0,0.0
982,2020,100000.0,1.0,500000.0,1.0,1.0,0.0,0.0
984,2010,0.0,0.0,13830000.0,7.0,1.0,1.0,1.0
984,2011,3150000.0,2.0,8038000.0,4.0,5.0,4.0,0.8
984,2012,-6770000.0,1.0,5000000.0,1.0,2.0,2.0,1.0
984,2013,7300000.0,1.0,12900000.0,2.0,2.0,0.0,0.0
984,2014,1950000.0,1.0,24880000.0,5.0,1.0,0.0,0.0
984,2015,10045000.0,3.0,42900000.0,5.0,4.0,1.0,0.25
984,2016,21000000.0,3.0,37900000.0,4.0,4.0,0.0,0.0
984,2017,0.0,0.0,49700000.0,6.0,1.0,0.0,0.0
984,2020,100000.0,2.0,40560000.0,6.0,2.0,0.0,0.0
985,2009,54765000.0,4.0,27300000.0,3.0,5.0,5.0,1.0
985,2010,15050000.0,3.0,29300000.0,4.0,3.0,3.0,1.0
985,2011,1500000.0,4.0,62300000.0,3.0,7.0,4.0,0.5714285714285714
985,2012,-550000.0,1.0,76450000.0,6.0,3.0,3.0,1.0
985,2013,0.0,0.0,77130000.0,2.0,0.0,0.0,0.0
985,2014,-11200000.0,5.0,187750000.0,6.0,6.0,2.0,0.3333333333333333
985,2015,59770000.0,6.0,156000000.0,5.0,7.0,3.0,0.42857142857142855
985,2016,-11350000.0,5.0,185000000.0,3.0,5.0,0.0,0.0
985,2017,15500000.0,2.0,198400000.0,4.0,2.0,0.0,0.0
985,2018,4250000.0,3.0,82700000.0,3.0,3.0,0.0,0.0
985,2019,-29820000.0,3.0,222800000.0,4.0,3.0,0.0,0.0
985,2020,700000.0,2.0,83800000.0,4.0,2.0,0.0,0.0
985,2021,11100000.0,1.0,140000000.0,3.0,1.0,0.0,0.0
989,2015,0.0,0.0,53910000.0,7.0,1.0,1.0,1.0
989,2016,12450000.0,3.0,38340000.0,6.0,6.0,3.0,0.5
989,2017,0.0,0.0,34300000.0,2.0,0.0,0.0,0.0
989,2018,14000000.0,3.0,89100000.0,5.0,3.0,0.0,0.0
989,2019,-5300000.0,3.0,52210000.0,4.0,3.0,0.0,0.0
993,2014,0.0,0.0,250000.0,1.0,0.0,0.0,0.0
995,2013,0.0,0.0,3000000.0,4.0,1.0,0.0,0.0
995,2014,0.0,0.0,420000.0,1.0,0.0,0.0,0.0
995,2015,-24700000.0,6.0,7000000.0,5.0,7.0,4.0,0.5714285714285714
995,2016,245000.0,3.0,5000000.0,4.0,3.0,1.0,0.3333333333333333
995,2017,-600000.0,3.0,11300000.0,4.0,3.0,0.0,0.0
995,2018,1950000.0,2.0,14050000.0,5.0,3.0,0.0,0.0
995,2019,-24800000.0,5.0,17950000.0,6.0,5.0,1.0,0.2
995,2020,-1000000.0,2.0,5000000.0,1.0,2.0,1.0,0.5
995,2021,-3900000.0,4.0,7500000.0,1.0,4.0,0.0,0.0
1003,2014,0.0,0.0,22860000.0,4.0,0.0,0.0,0.0
1003,2015,1000000.0,2.0,49900000.0,7.0,2.0,1.0,0.5
1003,2016,-27650000.0,6.0,92100000.0,6.0,6.0,2.0,0.3333333333333333
1003,2017,39600000.0,3.0,81345000.0,7.0,3.0,0.0,0.0
1003,2018,44300000.0,3.0,114600000.0,7.0,3.0,1.0,0.3333333333333333
1003,2019,37700000.0,2.0,104300000.0,4.0,2.0,0.0,0.0
1003,2020,-1730000.0,3.0,55000000.0,2.0,3.0,0.0,0.0
1003,2021,-8000000.0,1.0,67600000.0,3.0,1.0,0.0,0.0
1005,2010,1075000.0,2.0,4250000.0,3.0,3.0,3.0,1.0
1005,2011,2800000.0,1.0,1050000.0,1.0,5.0,4.0,0.8
1005,2019,-100000.0,2.0,3900000.0,5.0,2.0,2.0,1.0
1010,2015,4720000.0,2.0,80800000.0,11.0,3.0,1.0,0.3333333333333333
1010,2016,42100000.0,6.0,69700000.0,9.0,8.0,0.0,0.0
1010,2017,1100000.0,5.0,71400000.0,9.0,5.0,1.0,0.2
1010,2018,-7460000.0,4.0,30100000.0,8.0,4.0,0.0,0.0
1010,2019,10000000.0,3.0,48500000.0,4.0,3.0,0.0,0.0
1010,2021,-1450000.0,4.0,24800000.0,5.0,4.0,0.0,0.0
1020,2009,3300000.0,2.0,8800000.0,3.0,8.0,7.0,0.875
1025,2009,4875000.0,2.0,8950000.0,4.0,4.0,4.0,1.0
1025,2010,2700000.0,1.0,21560000.0,11.0,3.0,2.0,0.6666666666666666
1025,2011,3250000.0,3.0,20083000.0,12.0,6.0,3.0,0.5
1025,2012,12700000.0,1.0,8685000.0,7.0,2.0,0.0,0.0
1025,2013,15200000.0,4.0,6090000.0,5.0,5.0,2.0,0.4
1025,2015,-50000.0,2.0,22580000.0,10.0,2.0,0.0,0.0
1025,2016,700000.0,2.0,31300000.0,11.0,3.0,0.0,0.0
1025,2017,0.0,0.0,13000000.0,6.0,0.0,0.0,0.0
1025,2018,13131000.0,9.0,29800000.0,7.0,9.0,1.0,0.1111111111111111
1025,2019,7100000.0,7.0,67045000.0,13.0,7.0,0.0,0.0
1025,2020,2000000.0,1.0,1972000.0,3.0,1.0,0.0,0.0
1025,2021,-1400000.0,1.0,26410000.0,5.0,1.0,0.0,0.0
1032,2012,-11100000.0,1.0,10820000.0,6.0,1.0,1.0,1.0
1038,2009,7425000.0,4.0,8500000.0,2.0,7.0,7.0,1.0
1038,2010,4450000.0,1.0,24290000.0,9.0,3.0,3.0,1.0
1038,2012,5250000.0,2.0,17400000.0,7.0,2.0,0.0,0.0
1038,2013,-16050000.0,4.0,19600000.0,6.0,7.0,6.0,0.8571428571428571
1038,2014,14820000.0,6.0,22450000.0,7.0,8.0,4.0,0.5
1038,2015,2320000.0,4.0,34670000.0,8.0,4.0,0.0,0.0
1038,2016,7332000.0,14.0,38150000.0,14.0,14.0,2.0,0.14285714285714285
1038,2017,-110640000.0,5.0,48750000.0,8.0,5.0,1.0,0.2
1038,2018,18950000.0,4.0,48950000.0,8.0,4.0,0.0,0.0
1038,2019,-3960000.0,10.0,63250000.0,8.0,10.0,2.0,0.2
1038,2020,1000000.0,2.0,15650000.0,7.0,2.0,0.0,0.0
1038,2021,-3000000.0,2.0,14000000.0,3.0,2.0,0.0,0.0
1039,2011,0.0,0.0,25610000.0,8.0,2.0,2.0,1.0
1039,2012,335000.0,1.0,50350000.0,7.0,3.0,3.0,1.0
1039,2014,20540000.0,3.0,40938000.0,7.0,4.0,0.0,0.0
1041,2009,12300000.0,2.0,82700000.0,6.0,6.0,6.0,1.0
1041,2010,0.0,0.0,28000000.0,2.0,4.0,4.0,1.0
1041,2011,-7000000.0,1.0,4600000.0,3.0,2.0,2.0,1.0
1041,2012,13925000.0,5.0,8750000.0,3.0,6.0,2.0,0.3333333333333333
1041,2013,9800000.0,3.0,3000000.0,2.0,4.0,0.0,0.0
1041,2014,-18500000.0,2.0,5650000.0,3.0,2.0,0.0,0.0
1041,2015,21475000.0,6.0,41100000.0,7.0,6.0,0.0,0.0
1041,2016,21375000.0,3.0,28600000.0,3.0,3.0,0.0,0.0
1041,2017,73950000.0,6.0,59500000.0,8.0,6.0,0.0,0.0
1041,2018,37100000.0,9.0,46450000.0,5.0,9.0,0.0,0.0
1041,2019,11820000.0,8.0,122000000.0,8.0,8.0,0.0,0.0
1041,2020,-33300000.0,7.0,33250000.0,4.0,7.0,0.0,0.0
1041,2021,-3500000.0,4.0,6000000.0,1.0,4.0,0.0,0.0
1049,2009,12500000.0,1.0,5000000.0,1.0,2.0,2.0,1.0
1049,2010,23750000.0,1.0,27550000.0,5.0,5.0,5.0,1.0
1049,2011,27200000.0,3.0,32000000.0,6.0,3.0,3.0,1.0
1049,2012,9450000.0,3.0,23200000.0,5.0,5.0,2.0,0.4
1049,2013,18700000.0,3.0,19970000.0,6.0,5.0,0.0,0.0
1049,2014,5850000.0,8.0,55050000.0,5.0,9.0,1.0,0.1111111111111111
1049,2015,38300000.0,3.0,143500000.0,9.0,3.0,0.0,0.0
1049,2016,42400000.0,5.0,34000000.0,3.0,6.0,0.0,0.0
1049,2017,50000.0,6.0,51000000.0,5.0,6.0,0.0,0.0
1049,2018,-9200000.0,6.0,126200000.0,9.0,6.0,0.0,0.0
1049,2019,33300000.0,4.0,75000000.0,6.0,4.0,0.0,0.0
1049,2020,-19650000.0,5.0,0.0,0.0,5.0,0.0,0.0
1049,2021,0.0,0.0,11000000.0,2.0,0.0,0.0,0.0
1050,2009,3700000.0,1.0,22900000.0,3.0,3.0,3.0,1.0
1050,2010,6820000.0,3.0,4250000.0,2.0,6.0,5.0,0.8333333333333334
1050,2011,22650000.0,3.0,31300000.0,6.0,3.0,2.0,0.6666666666666666
1050,2013,9700000.0,1.0,16000000.0,5.0,1.0,0.0,0.0
1050,2014,6950000.0,3.0,17700000.0,4.0,3.0,0.0,0.0
1050,2015,-16240000.0,4.0,46200000.0,6.0,5.0,2.0,0.4
1050,2016,37550000.0,4.0,55950000.0,7.0,5.0,0.0,0.0
1050,2017,52500000.0,4.0,43500000.0,5.0,4.0,0.0,0.0
1050,2018,-27200000.0,4.0,92900000.0,8.0,4.0,0.0,0.0
1050,2019,15500000.0,8.0,43800000.0,5.0,8.0,0.0,0.0
1050,2020,-5300000.0,5.0,35250000.0,6.0,5.0,0.0,0.0
1050,2021,-3550000.0,5.0,54500000.0,4.0,5.0,0.0,0.0
1071,2009,0.0,0.0,17750000.0,7.0,2.0,2.0,1.0
1071,2010,0.0,0.0,11400000.0,5.0,2.0,1.0,0.5
1071,2011,0.0,0.0,12380000.0,4.0,2.0,1.0,0.5
1071,2012,5000000.0,1.0,10435000.0,3.0,2.0,0.0,0.0
1075,2009,2950000.0,1.0,250000.0,2.0,4.0,4.0,1.0
1075,2010,900000.0,1.0,800000.0,4.0,3.0,3.0,1.0
1075,2011,12340000.0,3.0,5288000.0,6.0,3.0,2.0,0.6666666666666666
1075,2012,-1000000.0,1.0,850000.0,2.0,3.0,1.0,0.3333333333333333
1075,2013,5125000.0,2.0,4676000.0,5.0,3.0,1.0,0.3333333333333333
1075,2014,-50000.0,1.0,17900000.0,5.0,1.0,0.0,0.0
1075,2015,16700000.0,3.0,4100000.0,8.0,4.0,0.0,0.0
1075,2016,-4000000.0,5.0,8120000.0,6.0,5.0,0.0,0.0
1075,2017,5530000.0,5.0,5796000.0,5.0,5.0,0.0,0.0
1075,2018,10800000.0,3.0,7010000.0,4.0,3.0,0.0,0.0
1075,2019,-12750000.0,6.0,5500000.0,4.0,6.0,0.0,0.0
1075,2020,10000000.0,4.0,11000000.0,2.0,4.0,0.0,0.0
1075,2021,-8790000.0,6.0,4100000.0,4.0,6.0,0.0,0.0
1082,2009,0.0,0.0,8600000.0,3.0,2.0,2.0,1.0
1082,2010,0.0,0.0,0.0,0.0,2.0,2.0,1.0
1082,2011,26150000.0,3.0,23200000.0,7.0,7.0,5.0,0.7142857142857143
1082,2012,15200000.0,2.0,22500000.0,6.0,2.0,2.0,1.0
1082,2013,-12300000.0,4.0,2950000.0,2.0,4.0,1.0,0.25
1082,2014,6630000.0,3.0,7800000.0,3.0,3.0,0.0,0.0
1082,2015,2925000.0,6.0,12900000.0,8.0,6.0,0.0,0.0
1082,2016,-19200000.0,7.0,20500000.0,5.0,7.0,0.0,0.0
1082,2017,6500000.0,5.0,76500000.0,10.0,5.0,0.0,0.0
1082,2018,12800000.0,10.0,8900000.0,3.0,10.0,0.0,0.0
1082,2019,59800000.0,6.0,99000000.0,11.0,6.0,0.0,0.0
1082,2020,9250000.0,3.0,40300000.0,4.0,3.0,0.0,0.0
1082,2021,-21690000.0,7.0,13000000.0,2.0,7.0,0.0,0.0
1084,2009,0.0,0.0,1600000.0,2.0,1.0,1.0,1.0
1084,2010,0.0,0.0,25045000.0,12.0,0.0,0.0,0.0
1084,2011,0.0,0.0,59250000.0,8.0,0.0,0.0,0.0
1084,2012,31500000.0,5.0,0.0,0.0,6.0,1.0,0.16666666666666666
1084,2013,15400000.0,4.0,4630000.0,7.0,5.0,0.0,0.0
1084,2014,14000000.0,3.0,500000.0,1.0,5.0,1.0,0.2
1084,2015,20225000.0,6.0,7700000.0,4.0,8.0,0.0,0.0
1084,2016,0.0,0.0,12100000.0,5.0,0.0,0.0,0.0
1084,2017,-5500000.0,3.0,10500000.0,5.0,4.0,0.0,0.0
1085,2009,0.0,0.0,600000.0,1.0,0.0,0.0,0.0
1085,2011,-1120000.0,1.0,0.0,0.0,1.0,0.0,0.0
1085,2013,-5950000.0,1.0,50000.0,1.0,1.0,0.0,0.0
1085,2014,-13800000.0,2.0,0.0,0.0,2.0,0.0,0.0
1085,2015,500000.0,1.0,0.0,0.0,1.0,0.0,0.0
1085,2016,-3675000.0,2.0,0.0,0.0,2.0,0.0,0.0
1085,2017,-4300000.0,3.0,0.0,0.0,3.0,0.0,0.0
1085,2018,-400000.0,3.0,0.0,0.0,3.0,0.0,0.0
1085,2019,-500000.0,1.0,1000000.0,1.0,1.0,0.0,0.0
1090,2009,2600000.0,1.0,6000000.0,3.0,3.0,3.0,1.0
1090,2010,7625000.0,3.0,3100000.0,4.0,5.0,4.0,0.8
1090,2011,6850000.0,4.0,4600000.0,3.0,6.0,4.0,0.6666666666666666
1090,2012,3900000.0,3.0,4950000.0,6.0,4.0,1.0,0.25
1090,2013,13200000.0,2.0,4750000.0,3.0,3.0,1.0,0.3333333333333333
1090,2014,800000.0,1.0,1500000.0,3.0,2.0,0.0,0.0
1090,2015,-7900000.0,4.0,4700000.0,5.0,5.0,0.0,0.0
1090,2016,22000000.0,2.0,4350000.0,3.0,2.0,0.0,0.0
1090,2017,7100000.0,3.0,5700000.0,3.0,3.0,0.0,0.0
1090,2018,-6000000.0,3.0,6800000.0,5.0,3.0,0.0,0.0
1090,2019,13350000.0,3.0,6500000.0,3.0,3.0,0.0,0.0
1090,2020,4550000.0,2.0,2600000.0,1.0,2.0,0.0,0.0
1090,2021,-2500000.0,4.0,6950000.0,4.0,4.0,0.0,0.0
1095,2012,-5150000.0,2.0,500000.0,1.0,3.0,3.0,1.0
1095,2015,700000.0,3.0,300000.0,1.0,3.0,3.0,1.0
1095,2021,0.0,0.0,17100000.0,6.0,0.0,0.0,0.0
1108,2016,0.0,0.0,5580000.0,3.0,0.0,0.0,0.0
1108,2017,0.0,2.0,12330000.0,6.0,2.0,0.0,0.0
1108,2018,6700000.0,2.0,10000000.0,4.0,2.0,0.0,0.0
1108,2019,5500000.0,2.0,10770000.0,5.0,2.0,0.0,0.0
1108,2020,-5200000.0,2.0,0.0,0.0,2.0,0.0,0.0
1108,2021,-2800000.0,2.0,1150000.0,1.0,2.0,0.0,0.0
1110,2017,-345000.0,3.0,56750000.0,9.0,3.0,3.0,1.0
1110,2018,9700000.0,1.0,48200000.0,7.0,2.0,1.0,0.5
1123,2011,0.0,0.0,15250000.0,7.0,2.0,2.0,1.0
1123,2012,0.0,0.0,11080000.0,6.0,1.0,1.0,1.0
1123,2013,-1420000.0,3.0,28500000.0,6.0,6.0,2.0,0.3333333333333333
1123,2015,18840000.0,4.0,48700000.0,8.0,4.0,1.0,0.25
1123,2019,-2300000.0,3.0,5815000.000000001,4.0,3.0,2.0,0.6666666666666666
1123,2021,3400000.0,1.0,60150000.0,7.0,1.0,0.0,0.0
1132,2009,-260000.0,1.0,13540000.0,8.0,1.0,1.0,1.0
1132,2014,0.0,0.0,12620000.0,6.0,0.0,0.0,0.0
1132,2016,0.0,1.0,45600000.0,6.0,1.0,0.0,0.0
1132,2017,20500000.0,3.0,35740000.0,6.0,3.0,2.0,0.6666666666666666
1132,2018,6500000.0,1.0,33000000.0,3.0,1.0,1.0,1.0
1132,2019,9550000.0,2.0,23850000.0,4.0,2.0,1.0,0.5
1132,2020,0.0,0.0,1100000.0,1.0,0.0,0.0,0.0
1132,2021,2300000.0,1.0,31900000.0,3.0,1.0,0.0,0.0
1147,2011,0.0,0.0,200000.0,1.0,0.0,0.0,0.0
1147,2012,0.0,0.0,0.0,0.0,1.0,1.0,1.0
1148,2021,0.0,0.0,37200000.0,4.0,0.0,0.0,0.0
1158,2009,0.0,0.0,7000000.0,5.0,4.0,4.0,1.0
1158,2010,9000000.0,1.0,6000000.0,4.0,2.0,1.0,0.5
1158,2011,10100000.0,2.0,11100000.0,6.0,3.0,2.0,0.6666666666666666
1158,2012,4600000.0,2.0,10000000.0,3.0,2.0,0.0,0.0
1158,2013,-1300000.0,2.0,3000000.0,2.0,3.0,0.0,0.0
1158,2014,6800000.0,3.0,8450000.0,4.0,4.0,0.0,0.0
1158,2015,9800000.0,2.0,9930000.0,5.0,2.0,0.0,0.0
1158,2016,-10575000.0,3.0,8600000.0,6.0,3.0,0.0,0.0
1158,2020,-13500000.0,1.0,26500000.0,6.0,1.0,1.0,1.0
1158,2021,0.0,1.0,6000000.0,2.0,1.0,0.0,0.0
1159,2009,0.0,0.0,5700000.0,4.0,2.0,2.0,1.0
1159,2010,7425000.0,2.0,0.0,0.0,2.0,2.0,1.0
1159,2011,500000.0,1.0,5200000.0,4.0,5.0,5.0,1.0
1159,2012,3675000.0,2.0,4700000.0,4.0,2.0,0.0,0.0
1159,2016,-10100000.0,3.0,2000000.0,2.0,3.0,3.0,1.0
1160,2018,0.0,0.0,3150000.0,2.0,0.0,0.0,0.0
1160,2019,-7000000.0,5.0,9850000.0,7.0,5.0,4.0,0.8
1160,2020,300000.0,2.0,11250000.0,7.0,2.0,0.0,0.0
1162,2010,0.0,0.0,4200000.0,2.0,0.0,0.0,0.0
1162,2011,5650000.0,2.0,300000.0,1.0,3.0,3.0,1.0
1162,2014,0.0,0.0,800000.0,2.0,0.0,0.0,0.0
1162,2015,-81350000.0,3.0,6050000.0,6.0,3.0,2.0,0.6666666666666666
1162,2016,-3800000.0,2.0,4250000.0,3.0,2.0,0.0,0.0
1162,2017,3000000.0,1.0,6950000.0,6.0,1.0,0.0,0.0
1162,2018,1000000.0,3.0,9950000.0,6.0,3.0,0.0,0.0
1164,2009,8600000.0,2.0,2633000.0,3.0,2.0,2.0,1.0
1181,2010,0.0,0.0,5425000.0,5.0,1.0,1.0,1.0
1210,2009,7300000.0,2.0,1470000.0,5.0,2.0,2.0,1.0
1210,2013,300000.0,3.0,2070000.0,3.0,3.0,3.0,1.0
1237,2017,300000.0,1.0,66500000.0,11.0,1.0,1.0,1.0
1237,2018,-13600000.0,6.0,87220000.0,14.0,6.0,5.0,0.8333333333333334
1237,2019,-4100000.0,3.0,74940000.0,6.0,3.0,1.0,0.3333333333333333
1237,2020,4400000.0,4.0,28500000.0,6.0,4.0,2.0,0.5
1237,2021,13500000.0,4.0,55700000.0,5.0,4.0,0.0,0.0
1244,2016,-3800000.0,1.0,4900000.0,4.0,1.0,1.0,1.0
1244,2017,-170000.0,1.0,6100000.0,3.0,1.0,0.0,0.0
1244,2018,16600000.0,2.0,15800000.0,6.0,2.0,0.0,0.0
1244,2019,-16450000.0,6.0,16400000.0,6.0,6.0,1.0,0.16666666666666666
1268,2009,0.0,0.0,200000.0,1.0,0.0,0.0,0.0
1268,2010,0.0,0.0,0.0,0.0,1.0,0.0,0.0
1268,2011,350000.0,1.0,175000.0,1.0,2.0,2.0,1.0
1268,2012,-4750000.0,2.0,468000.0,2.0,3.0,1.0,0.3333333333333333
1268,2013,0.0,0.0,100000.0,1.0,0.0,0.0,0.0
1268,2014,-50000.0,2.0,0.0,0.0,2.0,0.0,0.0
1268,2015,1050000.0,2.0,0.0,0.0,2.0,0.0,0.0
1268,2016,650000.0,1.0,200000.0,1.0,1.0,0.0,0.0
1268,2017,-57000.0,1.0,0.0,0.0,1.0,0.0,0.0
1268,2018,1800000.0,1.0,0.0,0.0,1.0,0.0,0.0
1268,2019,300000.0,2.0,0.0,0.0,2.0,0.0,0.0
1268,2020,-100000.0,1.0,0.0,0.0,1.0,0.0,0.0
1269,2012,0.0,0.0,75000.0,1.0,0.0,0.0,0.0
1269,2013,-100000.0,1.0,635000.0,3.0,1.0,0.0,0.0
1269,2014,-2550000.0,2.0,500000.0,1.0,3.0,1.0,0.3333333333333333
1269,2015,2350000.0,4.0,0.0,0.0,4.0,1.0,0.25
1269,2016,0.0,0.0,600000.0,2.0,0.0,0.0,0.0
1269,2018,-250000.0,2.0,2175000.0,5.0,2.0,0.0,0.0
1269,2019,200000.0,3.0,1350000.0,3.0,3.0,0.0,0.0
1269,2020,-1500000.0,2.0,0.0,0.0,2.0,0.0,0.0
1283,2018,0.0,0.0,50000.0,1.0,0.0,0.0,0.0
1283,2019,-1979000.0,3.0,500000.0,1.0,3.0,1.0,0.3333333333333333
1283,2020,-25000.0,1.0,350000.0,1.0,1.0,0.0,0.0
1290,2009,0.0,0.0,3600000.0,5.0,0.0,0.0,0.0
1301,2009,175000.0,1.0,0.0,0.0,1.0,1.0,1.0
1301,2010,0.0,0.0,0.0,0.0,1.0,1.0,1.0
1301,2011,3625000.0,2.0,0.0,0.0,2.0,2.0,1.0
1301,2012,0.0,0.0,0.0,0.0,2.0,0.0,0.0
1301,2013,1800000.0,2.0,150000.0,1.0,2.0,0.0,0.0
1301,2014,3425000.0,2.0,475000.0,2.0,2.0,0.0,0.0
1301,2015,-24300000.0,4.0,0.0,0.0,4.0,0.0,0.0
1301,2017,-5454000.0,3.0,50000.0,1.0,3.0,0.0,0.0
1301,2019,0.0,0.0,250000.0,1.0,0.0,0.0,0.0
1301,2020,600000.0,1.0,0.0,0.0,1.0,0.0,0.0
1304,2009,-100000.0,1.0,0.0,0.0,2.0,2.0,1.0
1304,2010,-750000.0,1.0,0.0,0.0,1.0,1.0,1.0
1304,2011,1350000.0,1.0,300000.0,1.0,1.0,0.0,0.0
1304,2012,-200000.0,1.0,320000.0,2.0,2.0,1.0,0.5
1304,2013,2850000.0,1.0,300000.0,1.0,1.0,0.0,0.0
1304,2015,-1850000.0,2.0,300000.0,2.0,2.0,0.0,0.0
1304,2016,-26000000.0,3.0,500000.0,1.0,3.0,0.0,0.0
1304,2017,-31830000.0,4.0,700000.0,2.0,4.0,0.0,0.0
1304,2018,0.0,1.0,400000.0,2.0,1.0,0.0,0.0
1304,2019,-1250000.0,4.0,0.0,0.0,4.0,0.0,0.0
1304,2020,1200000.0,2.0,1060000.0,3.0,2.0,0.0,0.0
1304,2021,0.0,0.0,250000.0,2.0,0.0,0.0,0.0
1387,2009,0.0,0.0,17100000.0,9.0,5.0,5.0,1.0
1387,2011,1825000.0,2.0,11780000.0,8.0,2.0,1.0,0.5
1387,2012,12150000.0,3.0,10920000.0,7.0,8.0,4.0,0.5
1390,2009,0.0,0.0,12300000.0,5.0,1.0,1.0,1.0
1390,2010,3482000.0,4.0,6300000.0,3.0,6.0,2.0,0.3333333333333333
1390,2011,5000000.0,1.0,5510000.0,4.0,4.0,4.0,1.0
1390,2012,2475000.0,2.0,11300000.0,6.0,2.0,1.0,0.5
1390,2013,3351000.0,3.0,1500000.0,2.0,3.0,0.0,0.0
1390,2014,10975000.0,3.0,17400000.0,9.0,4.0,0.0,0.0
1390,2016,3200000.0,2.0,9240000.0,4.0,3.0,1.0,0.3333333333333333
1390,2017,11475000.0,6.0,31090000.0,10.0,8.0,1.0,0.125
1390,2018,1810000.0,6.0,21895000.0,7.0,6.0,1.0,0.16666666666666666
1390,2019,710000.0,4.0,36000000.0,6.0,4.0,3.0,0.75
1390,2020,-30800000.0,4.0,31300000.0,4.0,4.0,0.0,0.0
1390,2021,-2200000.0,2.0,14000000.0,3.0,2.0,0.0,0.0
1416,2017,2500000.0,1.0,6630000.0,4.0,1.0,1.0,1.0
1416,2018,-35850000.0,3.0,6990000.0,3.0,3.0,3.0,1.0
1416,2019,935000.0,2.0,17650000.0,8.0,2.0,1.0,0.5
1420,2015,1250000.0,2.0,0.0,0.0,4.0,3.0,0.75
1420,2016,-5750000.0,2.0,5200000.0,6.0,2.0,1.0,0.5
1420,2017,-21900000.0,3.0,12400000.0,5.0,3.0,0.0,0.0
1420,2018,3500000.0,2.0,4450000.0,5.0,2.0,0.0,0.0
1420,2019,9000000.0,2.0,10400000.0,5.0,2.0,0.0,0.0
1420,2020,-5800000.0,2.0,11250000.0,4.0,2.0,0.0,0.0
1420,2021,-6900000.0,1.0,0.0,0.0,1.0,0.0,0.0
1421,2012,0.0,0.0,3350000.0,4.0,0.0,0.0,0.0
1421,2013,0.0,0.0,3130000.0,4.0,0.0,0.0,0.0
1421,2014,-7500000.0,1.0,0.0,0.0,1.0,0.0,0.0
1421,2015,1200000.0,1.0,2400000.0,2.0,1.0,0.0,0.0
1421,2018,5000000.0,2.0,15500000.0,5.0,2.0,0.0,0.0
1421,2019,-14400000.0,4.0,17700000.0,5.0,4.0,2.0,0.5
1421,2020,-8000000.0,2.0,11200000.0,4.0,2.0,1.0,0.5
1421,2021,-2000000.0,1.0,6000000.0,2.0,1.0,0.0,0.0
1423,2009,0.0,0.0,5450000.0,5.0,1.0,1.0,1.0
1423,2010,0.0,0.0,1800000.0,2.0,3.0,2.0,0.6666666666666666
1423,2011,-1300000.0,1.0,4100000.0,4.0,2.0,1.0,0.5
1423,2012,800000.0,1.0,3600000.0,4.0,2.0,0.0,0.0
1423,2013,4200000.0,2.0,1200000.0,2.0,3.0,1.0,0.3333333333333333
1426,2009,5500000.0,1.0,100000.0,1.0,1.0,1.0,1.0
1426,2011,0.0,1.0,200000.0,1.0,1.0,0.0,0.0
1426,2012,-400000.0,1.0,400000.0,1.0,1.0,0.0,0.0
1426,2018,-250000.0,2.0,0.0,0.0,2.0,2.0,1.0
1426,2019,0.0,1.0,500000.0,1.0,1.0,0.0,0.0
1426,2020,100000.0,1.0,200000.0,1.0,1.0,0.0,0.0
1429,2010,-300000.0,1.0,4835000.0,5.0,4.0,3.0,0.75
1429,2011,3700000.0,1.0,9470000.0,5.0,2.0,1.0,0.5
1429,2014,7800000.0,5.0,9850000.0,11.0,7.0,6.0,0.8571428571428571
1435,2014,-40000.0,1.0,0.0,0.0,1.0,1.0,1.0
1435,2016,-25000.0,1.0,0.0,0.0,1.0,0.0,0.0
1435,2021,200000.0,2.0,0.0,0.0,2.0,2.0,1.0
1436,2011,-25000.0,1.0,0.0,0.0,3.0,2.0,0.6666666666666666
1436,2012,200000.0,2.0,0.0,0.0,2.0,1.0,0.5
1465,2013,600000.0,4.0,380000.0,2.0,4.0,0.0,0.0
1465,2014,-14545000.0,3.0,0.0,0.0,5.0,0.0,0.0
1465,2015,-950000.0,2.0,400000.0,1.0,2.0,0.0,0.0
1465,2016,-39300000.0,3.0,280000.0,2.0,3.0,0.0,0.0
1465,2017,4950000.0,4.0,975000.0,6.0,4.0,0.0,0.0
1465,2021,500000.0,1.0,0.0,0.0,1.0,1.0,1.0
1531,2013,0.0,0.0,2230000.0,3.0,0.0,0.0,0.0
1531,2014,5700000.0,1.0,0.0,0.0,1.0,0.0,0.0
1531,2020,-3400000.0,3.0,5600000.0,3.0,3.0,2.0,0.6666666666666666
1531,2021,0.0,0.0,7200000.0,3.0,0.0,0.0,0.0
1533,2014,200000.0,1.0,162000.0,2.0,1.0,1.0,1.0
1533,2015,0.0,0.0,3500000.0,3.0,0.0,0.0,0.0
1533,2016,4400000.0,1.0,8600000.0,6.0,1.0,0.0,0.0
1533,2017,7000000.0,1.0,9850000.0,5.0,1.0,0.0,0.0
1533,2018,-250000.0,3.0,8000000.0,3.0,3.0,1.0,0.3333333333333333
1533,2019,-28000000.0,4.0,17300000.0,6.0,4.0,0.0,0.0
1533,2020,0.0,0.0,2000000.0,1.0,0.0,0.0,0.0
1627,2009,0.0,0.0,21500000.0,9.0,2.0,2.0,1.0
1627,2010,2250000.0,1.0,4200000.0,5.0,4.0,4.0,1.0
1627,2011,10250000.0,2.0,4140000.0,4.0,4.0,4.0,1.0
1627,2012,0.0,0.0,9030000.0,6.0,1.0,0.0,0.0
1627,2013,-2120000.0,6.0,7370000.0,3.0,8.0,3.0,0.375
2288,2011,135000.0,1.0,12350000.0,8.0,2.0,2.0,1.0
2288,2012,23300000.0,2.0,20370000.0,5.0,3.0,1.0,0.3333333333333333
2288,2013,0.0,0.0,25412000.0,5.0,0.0,0.0,0.0
2288,2014,32450000.0,3.0,41530000.0,8.0,5.0,0.0,0.0
2288,2015,3655000.0,2.0,21810000.0,6.0,2.0,1.0,0.5
2288,2016,30800000.0,3.0,58100000.0,9.0,4.0,1.0,0.25
2288,2017,68400000.0,6.0,64885000.0,5.0,6.0,0.0,0.0
2420,2009,0.0,0.0,550000.0,2.0,2.0,2.0,1.0
2420,2010,8000000.0,1.0,1050000.0,3.0,5.0,3.0,0.6
2420,2011,-120000.0,1.0,1200000.0,2.0,2.0,1.0,0.5
2420,2012,225000.0,1.0,0.0,0.0,1.0,0.0,0.0
2420,2013,-28350000.0,4.0,500000.0,1.0,4.0,0.0,0.0
2420,2014,1500000.0,5.0,0.0,0.0,5.0,0.0,0.0
2420,2015,1000000.0,2.0,2000000.0,2.0,2.0,0.0,0.0
2420,2016,-850000.0,4.0,1000000.0,2.0,4.0,0.0,0.0
2420,2017,4900000.0,3.0,7900000.0,5.0,3.0,0.0,0.0
2420,2018,-26100000.0,5.0,3180000.0,4.0,5.0,0.0,0.0
2420,2019,-21100000.0,2.0,800000.0,2.0,2.0,0.0,0.0
2420,2020,-3400000.0,4.0,2950000.0,4.0,4.0,0.0,0.0
2420,2021,0.0,0.0,2700000.0,2.0,0.0,0.0,0.0
2423,2018,-100000.0,1.0,150000.0,1.0,1.0,1.0,1.0
2423,2019,1200000.0,1.0,0.0,0.0,1.0,0.0,0.0
2423,2020,-1500000.0,2.0,0.0,0.0,2.0,0.0,0.0
2423,2021,-300000.0,3.0,720000.0,2.0,3.0,0.0,0.0
2424,2011,-3400000.0,2.0,0.0,0.0,2.0,2.0,1.0
2424,2013,-50000.0,1.0,0.0,0.0,1.0,0.0,0.0
2424,2019,-1750000.0,1.0,80000.0,1.0,1.0,1.0,1.0
2424,2021,-500000.0,1.0,0.0,0.0,1.0,0.0,0.0
2425,2009,500000.0,1.0,0.0,0.0,1.0,1.0,1.0
2425,2010,0.0,1.0,0.0,0.0,2.0,2.0,1.0
2425,2011,0.0,0.0,0.0,0.0,1.0,0.0,0.0
2425,2012,500000.0,1.0,3100000.0,3.0,1.0,0.0,0.0
2425,2013,200000.0,1.0,70000.0,1.0,1.0,0.0,0.0
2425,2014,0.0,0.0,200000.0,1.0,0.0,0.0,0.0
2425,2015,-108850000.0,6.0,800000.0,1.0,6.0,0.0,0.0
2425,2016,500000.0,2.0,0.0,0.0,2.0,0.0,0.0
2425,2017,2080000.0,4.0,800000.0,1.0,4.0,0.0,0.0
2425,2018,4900000.0,2.0,500000.0,1.0,2.0,0.0,0.0
2425,2019,3000000.0,1.0,2000000.0,2.0,1.0,0.0,0.0
2425,2020,-13320000.0,3.0,0.0,0.0,3.0,0.0,0.0
2448,2009,0.0,0.0,1400000.0,3.0,1.0,1.0,1.0
2448,2010,0.0,0.0,800000.0,1.0,0.0,0.0,0.0
2448,2011,3000000.0,1.0,1500000.0,2.0,1.0,0.0,0.0
2448,2016,0.0,0.0,500000.0,2.0,0.0,0.0,0.0
2457,2019,-4000000.0,1.0,0.0,0.0,1.0,0.0,0.0
2457,2021,-1500000.0,2.0,50000.0,1.0,2.0,0.0,0.0
2503,2015,130000.0,2.0,0.0,0.0,2.0,0.0,0.0
2503,2016,1070000.0,2.0,0.0,0.0,2.0,1.0,0.5
2503,2017,200000.0,1.0,0.0,0.0,1.0,0.0,0.0
2503,2018,-1650000.0,3.0,400000.0,1.0,3.0,0.0,0.0
2503,2019,2850000.0,2.0,0.0,0.0,2.0,0.0,0.0
2503,2020,-5500000.0,1.0,4000000.0,3.0,1.0,0.0,0.0
2503,2021,0.0,1.0,7880000.0,4.0,1.0,0.0,0.0
2639,2009,0.0,0.0,350000.0,2.0,0.0,0.0,0.0
2639,2010,1750000.0,1.0,0.0,0.0,2.0,2.0,1.0
2639,2011,-4100000.0,2.0,0.0,0.0,2.0,0.0,0.0
2687,2020,0.0,0.0,9400000.0,5.0,0.0,0.0,0.0
2687,2021,0.0,0.0,6600000.0,4.0,0.0,0.0,0.0
2722,2017,150000.0,1.0,6085000.0,10.0,1.0,1.0,1.0
2722,2018,250000.0,2.0,18900000.0,7.0,2.0,1.0,0.5
2722,2019,-4799999.999999998,5.0,25750000.0,6.0,5.0,1.0,0.2
2921,2012,-43400000.0,2.0,16380000.0,11.0,4.0,4.0,1.0
2921,2016,8270000.0,4.0,13650000.0,10.0,4.0,2.0,0.5
2969,2011,0.0,0.0,5850000.0,7.0,0.0,0.0,0.0
2969,2016,-1750000.0,1.0,3150000.0,4.0,1.0,1.0,1.0
2969,2017,4900000.0,3.0,5500000.0,4.0,3.0,3.0,1.0
2969,2018,2500000.0,1.0,9200000.0,4.0,1.0,0.0,0.0
2969,2019,2500000.0,6.0,10000000.0,7.0,6.0,0.0,0.0
2969,2020,-1500000.0,4.0,15800000.0,6.0,4.0,1.0,0.25
2990,2009,0.0,0.0,0.0,0.0,1.0,1.0,1.0
2990,2010,0.0,0.0,0.0,0.0,1.0,0.0,0.0
2990,2011,1150000.0,2.0,0.0,0.0,3.0,2.0,0.6666666666666666
2990,2013,850000.0,2.0,150000.0,1.0,3.0,1.0,0.3333333333333333
2995,2009,0.0,0.0,0.0,0.0,1.0,1.0,1.0
2995,2010,0.0,0.0,65000.0,1.0,0.0,0.0,0.0
2995,2011,550000.0,1.0,200000.0,1.0,1.0,0.0,0.0
2995,2012,1800000.0,1.0,0.0,0.0,1.0,0.0,0.0
2995,2013,-50000.0,3.0,125000.0,1.0,3.0,0.0,0.0
2995,2015,-18750000.0,4.0,0.0,0.0,4.0,0.0,0.0
2995,2016,-38000000.0,1.0,0.0,0.0,1.0,0.0,0.0
2995,2017,150000.0,1.0,0.0,0.0,1.0,0.0,0.0
2995,2019,300000.0,1.0,50000.0,1.0,1.0,0.0,0.0
2995,2020,-1000000.0,1.0,2600000.0,2.0,1.0,0.0,0.0
3008,2009,0.0,0.0,14150000.0,5.0,2.0,2.0,1.0
3008,2013,480000.0,1.0,30600000.0,7.0,1.0,1.0,1.0
3008,2014,13700000.0,1.0,48217000.0,10.0,2.0,0.0,0.0
3008,2016,23700000.0,3.0,37700000.0,7.0,3.0,0.0,0.0
3302,2009,3800000.0,1.0,5200000.0,2.0,2.0,2.0,1.0
3302,2010,0.0,0.0,3200000.0,3.0,1.0,1.0,1.0
3302,2013,600000.0,1.0,0.0,0.0,1.0,1.0,1.0
3302,2014,1000000.0,1.0,0.0,0.0,1.0,1.0,1.0
3325,2016,1220000.0,3.0,50000.0,1.0,3.0,1.0,0.3333333333333333
3325,2017,0.0,0.0,1250000.0,3.0,0.0,0.0,0.0
3325,2018,-11000000.0,3.0,1050000.0,2.0,3.0,0.0,0.0
3329,2019,0.0,0.0,1300000.0,1.0,0.0,0.0,0.0
3329,2020,-21300000.0,2.0,6000000.0,4.0,2.0,0.0,0.0
3329,2021,500000.0,2.0,2700000.0,2.0,2.0,1.0,0.5
3336,2018,-700000.0,2.0,0.0,0.0,2.0,1.0,0.5
3336,2019,-2500000.0,1.0,0.0,0.0,1.0,0.0,0.0
3345,2009,200000.0,1.0,50000.0,1.0,2.0,2.0,1.0
3349,2011,0.0,0.0,0.0,0.0,1.0,1.0,1.0
3349,2017,500000.0,1.0,0.0,0.0,1.0,0.0,0.0
3349,2018,4000000.0,1.0,200000.0,1.0,1.0,1.0,1.0
3368,2011,3500000.0,1.0,1400000.0,3.0,2.0,0.0,0.0
3368,2012,7590000.0,3.0,650000.0,3.0,3.0,0.0,0.0
3368,2013,420000.0,2.0,300000.0,1.0,2.0,1.0,0.5
3368,2014,-2000000.0,1.0,800000.0,2.0,1.0,0.0,0.0
3368,2015,0.0,0.0,6250000.0,4.0,0.0,0.0,0.0
3368,2017,8450000.0,4.0,9000000.0,7.0,4.0,1.0,0.25
3368,2018,23150000.0,2.0,24700000.0,7.0,2.0,1.0,0.5
3368,2019,700000.0,6.0,12600000.0,3.0,6.0,2.0,0.3333333333333333
3368,2020,-4000000.0,1.0,4000000.0,2.0,1.0,0.0,0.0
3368,2021,0.0,0.0,1250000.0,2.0,0.0,0.0,0.0
3522,2020,-4310000.0,3.0,3700000.0,2.0,3.0,3.0,1.0
3522,2021,-975000.0,3.0,23500000.0,13.0,3.0,0.0,0.0
3709,2009,0.0,0.0,12250000.0,5.0,2.0,2.0,1.0
3709,2010,18000000.0,2.0,3900000.0,2.0,4.0,3.0,0.75
3709,2011,-50000.0,2.0,3000000.0,1.0,5.0,3.0,0.6
3709,2012,0.0,0.0,5500000.0,3.0,2.0,1.0,0.5
3709,2013,12400000.0,3.0,10000000.0,3.0,4.0,0.0,0.0
3709,2014,4850000.0,1.0,0.0,0.0,2.0,0.0,0.0
3709,2015,500000.0,1.0,0.0,0.0,2.0,0.0,0.0
3709,2017,700000.0,1.0,12400000.0,9.0,1.0,0.0,0.0
3709,2018,-33800000.0,2.0,27250000.0,7.0,3.0,0.0,0.0
3709,2019,7500000.0,2.0,21500000.0,6.0,2.0,0.0,0.0
3709,2020,4450000.0,5.0,20800000.0,2.0,5.0,0.0,0.0
3709,2021,-3000000.0,2.0,14500000.0,4.0,2.0,0.0,0.0
3911,2010,0.0,0.0,3800000.0,7.0,0.0,0.0,0.0
3911,2011,7200000.0,1.0,2500000.0,4.0,1.0,0.0,0.0
3911,2012,1250000.0,2.0,2450000.0,2.0,2.0,0.0,0.0
3911,2019,0.0,1.0,7500000.0,4.0,1.0,1.0,1.0
3911,2020,-3000000.0,1.0,16100000.0,6.0,1.0,0.0,0.0
3911,2021,2000000.0,2.0,9500000.0,4.0,2.0,0.0,0.0
4083,2016,-14600000.0,4.0,5700000.0,8.0,5.0,2.0,0.4
4083,2017,0.0,0.0,2200000.0,3.0,0.0,0.0,0.0
4083,2020,0.0,0.0,4890000.0,4.0,0.0,0.0,0.0
4102,2015,-475000.0,2.0,0.0,0.0,2.0,1.0,0.5
4171,2017,-2600000.0,2.0,18880000.0,10.0,2.0,1.0,0.5
4171,2020,200000.0,1.0,9000000.0,5.0,1.0,0.0,0.0
4750,2009,0.0,0.0,0.0,0.0,1.0,0.0,0.0
4750,2010,50000.0,1.0,250000.0,2.0,1.0,0.0,0.0
4750,2011,0.0,0.0,100000.0,1.0,0.0,0.0,0.0
4750,2012,650000.0,3.0,0.0,0.0,3.0,0.0,0.0
4795,2015,0.0,0.0,6200000.0,5.0,0.0,0.0,0.0
4795,2016,-3500000.0,3.0,7950000.0,4.0,4.0,2.0,0.5
4814,2009,0.0,0.0,0.0,0.0,1.0,1.0,1.0
4814,2010,1300000.0,1.0,0.0,0.0,1.0,1.0,1.0
5358,2018,0.0,0.0,8800000.0,5.0,0.0,0.0,0.0
5358,2020,0.0,0.0,3250000.0,4.0,0.0,0.0,0.0
6195,2009,0.0,0.0,55150000.0,7.0,1.0,1.0,1.0
6195,2010,4250000.0,2.0,14800000.0,5.0,3.0,3.0,1.0
6195,2011,6640000.0,5.0,71200000.0,9.0,7.0,4.0,0.5714285714285714
6195,2012,0.0,0.0,26800000.0,7.0,2.0,2.0,1.0
6195,2013,62450000.0,3.0,107450000.0,13.0,5.0,0.0,0.0
6195,2014,14650000.0,3.0,33550000.0,5.0,5.0,1.0,0.2
6195,2015,12185000.0,5.0,40950000.0,9.0,5.0,1.0,0.2
6195,2016,100505000.0,8.0,92590000.0,7.0,8.0,1.0,0.125
6195,2017,7300000.0,4.0,64250000.0,5.0,5.0,0.0,0.0
6195,2018,15100000.0,4.0,70500000.0,4.0,4.0,1.0,0.25
6195,2019,9950000.0,6.0,192015000.0,15.0,6.0,2.0,0.3333333333333333
6195,2020,60240000.0,11.0,72750000.0,2.0,11.0,1.0,0.09090909090909091
6195,2021,-11000000.0,1.0,19000000.0,1.0,1.0,0.0,0.0
6574,2013,-30500000.0,1.0,45250000.0,11.0,2.0,1.0,0.5
6574,2014,-2650000.0,4.0,16801000.0,6.0,4.0,0.0,0.0
6574,2015,15200000.0,3.0,30600000.0,7.0,5.0,1.0,0.2
6574,2016,18200000.0,2.0,27510000.0,8.0,3.0,0.0,0.0
6574,2017,-33650000.0,4.0,31000000.0,7.0,4.0,0.0,0.0
6574,2018,24100000.0,6.0,52400000.0,10.0,6.0,1.0,0.16666666666666666
6574,2019,-26762000.0,9.0,59350000.0,9.0,9.0,2.0,0.2222222222222222
6574,2020,23900000.0,6.0,28500000.0,7.0,6.0,0.0,0.0
6574,2021,3175000.0,5.0,30250000.0,6.0,5.0,0.0,0.0
6692,2011,1250000.0,2.0,4700000.0,5.0,3.0,3.0,1.0
6912,2021,81000.0,1.0,0.0,0.0,1.0,1.0,1.0
7042,2009,0.0,0.0,1885000.0,3.0,1.0,1.0,1.0
7179,2017,0.0,0.0,100000.0,1.0,0.0,0.0,0.0
7179,2018,-2700000.0,2.0,0.0,0.0,2.0,0.0,0.0
7179,2019,-450000.0,2.0,0.0,0.0,2.0,0.0,0.0
7179,2020,0.0,0.0,185000.0,1.0,0.0,0.0,0.0
7378,2017,1600000.0,1.0,0.0,0.0,1.0,1.0,1.0
7378,2018,38200000.0,6.0,3020000.0,2.0,6.0,3.0,0.5
7378,2019,0.0,0.0,2200000.0,1.0,0.0,0.0,0.0
7378,2020,1000000.0,1.0,0.0,0.0,1.0,1.0,1.0
7378,2021,-197000.0,2.0,0.0,0.0,2.0,0.0,0.0
7971,2010,0.0,0.0,5800000.0,3.0,1.0,0.0,0.0
8024,2015,250000.0,1.0,0.0,0.0,2.0,0.0,0.0
8024,2016,-2100000.0,1.0,0.0,0.0,1.0,0.0,0.0
8970,2015,175000.0,1.0,400000.0,1.0,1.0,0.0,0.0
8970,2018,225000.0,2.0,8760000.0,9.0,2.0,2.0,1.0
11300,2010,0.0,0.0,0.0,0.0,2.0,0.0,0.0
12321,2017,0.0,0.0,8750000.0,3.0,0.0,0.0,0.0
12321,2018,-7700000.0,3.0,10200000.0,3.0,3.0,1.0,0.3333333333333333
14171,2011,0.0,0.0,1850000.0,3.0,0.0,0.0,0.0
14171,2012,0.0,0.0,1600000.0,2.0,0.0,0.0,0.0
14171,2013,6950000.0,5.0,2600000.0,3.0,5.0,1.0,0.2
14171,2014,2750000.0,1.0,2250000.0,2.0,1.0,1.0,1.0
16795,2011,0.0,0.0,11290000.0,7.0,0.0,0.0,0.0
16795,2012,3850000.0,3.0,12170000.0,7.0,3.0,0.0,0.0
16795,2013,-11500000.0,3.0,5980000.0,3.0,3.0,1.0,0.3333333333333333
16795,2014,-20500000.0,3.0,7083000.0,4.0,4.0,0.0,0.0
16795,2015,2620000.0,4.0,3250000.0,3.0,4.0,1.0,0.25
16795,2016,9900000.0,3.0,11580000.0,5.0,3.0,0.0,0.0
16795,2019,100000.0,1.0,10750000.0,5.0,1.0,1.0,1.0
16795,2020,0.0,0.0,20500000.0,5.0,0.0,0.0,0.0
16795,2021,-500000.0,2.0,4500000.0,1.0,2.0,0.0,0.0
23826,2016,0.0,0.0,94150000.0,7.0,0.0,0.0,0.0
23826,2017,14400000.0,2.0,63000000.0,5.0,3.0,0.0,0.0
23826,2018,22075000.0,8.0,64630000.0,5.0,8.0,2.0,0.25
23826,2019,-11950000.0,4.0,73350000.0,6.0,4.0,2.0,0.5
23826,2020,-2000000.0,1.0,54000000.0,5.0,1.0,0.0,0.0
23826,2021,-28000000.0,5.0,107620000.0,7.0,5.0,1.0,0.2
